5.488135039273247529e-01,5.928802707811575701e-01,-2.395572296814817426e-01
7.151893663724194772e-01,1.006369565609332994e-02,-4.708424518069025955e-01
6.027633760716438749e-01,4.758261958572227446e-01,-2.113252075609196590e-01
5.448831829968968643e-01,7.087703909410486558e-01,-7.721472090111995978e-01
4.236547993389047084e-01,4.397543202409059937e-02,4.301800795865449167e-01
6.458941130666561170e-01,8.795214830237301218e-01,-8.584178628403731359e-01
4.375872112626925103e-01,5.200814166356730883e-01,1.745385999992489223e-01
8.917730007820797722e-01,3.066104832571792116e-02,-4.168638407896219089e-01
9.636627605010292807e-01,2.244136119208401947e-01,1.760664829669430220e-01
3.834415188257777052e-01,9.536756964273129800e-01,1.410445892664074774e-01
7.917250380826645895e-01,5.823197330520553106e-01,-7.740609569606493601e-01
5.288949197529044799e-01,1.074725677688045389e-01,8.314141646503853122e-02
5.680445610939323098e-01,2.875445022805614981e-01,5.779522321279167985e-02
9.255966382926610336e-01,4.567036258604841858e-01,-3.674491643447652667e-01
7.103605819788694209e-02,2.095006926773046452e-02,-3.404014644079134122e-03
8.712929970154070780e-02,4.116155136137588100e-01,3.868002366100934397e-01
2.021839744032571939e-02,4.894586354346981416e-01,7.355179420381241506e-02
8.326198455479379978e-01,2.436778752812321924e-01,2.012224488647532672e-01
7.781567509498504842e-01,5.886390002919865694e-01,-7.715662655836531547e-01
8.700121482468191614e-01,7.532401195921768489e-01,-6.219240841257844821e-01
9.786183422327640047e-01,2.358342241056354815e-01,1.521820839703662553e-01
7.991585642167235992e-01,6.204999002799876928e-01,-1.011358801700201315e+00
4.614793622529318462e-01,6.396222429637415940e-01,-3.615522781059208324e-01
7.805291762864554617e-01,9.485403011288410235e-01,-6.031949579353332869e-01
1.182744258689332195e-01,7.782761672964437771e-01,5.781385656013504626e-02
6.399210213275238202e-01,8.483452697900060180e-01,-8.825194198716151961e-01
1.433532874090464038e-01,4.904199084362751426e-01,2.827574472014150464e-01
9.446689170495838894e-01,1.853485869793828344e-01,2.609740791311554453e-02
5.218483217500716753e-01,9.958152929596350011e-01,1.112138083757176210e-01
4.146619399905235870e-01,1.293557610386996126e-01,5.463299989075236507e-01
2.645556121046269693e-01,4.714573193542653806e-01,6.300301253104643173e-01
7.742336894342166653e-01,6.809309924210660281e-02,3.372143266017813001e-03
4.561503322165485486e-01,9.438508573508195276e-01,-3.357829249514257541e-01
5.684339488686485087e-01,9.649249408484396051e-01,-5.304594081772423531e-01
1.878980043635514185e-02,7.193890620039735673e-01,-2.644208999667719828e-01
6.176354970758770602e-01,3.499928436301689150e-01,2.507772242959541154e-01
6.120957227224214092e-01,2.543824011176243349e-01,3.376015279642165523e-01
6.169339968747569181e-01,2.653033245370474136e-01,1.847007794360891464e-01
9.437480785146241669e-01,1.272940254200747301e-01,4.728625280063069036e-01
6.818202991034834071e-01,5.258089530767229292e-01,-5.978343483610585318e-01
3.595079005737860101e-01,1.418172757014775076e-01,8.362770103345507078e-01
4.370319537993414549e-01,3.167306665534562748e-01,3.874116845052374969e-01
6.976311959272648577e-01,6.267064759591048917e-01,-8.845853876275440175e-01
6.022547162926983333e-02,7.275436095907498180e-01,-1.768103724348083494e-01
6.667667154456676792e-01,2.427270462206121415e-02,-5.139667797516513925e-01
6.706378696181594101e-01,4.301159843767399238e-01,3.974122836961810346e-02
2.103825610738409013e-01,6.521245948421390271e-01,1.882635126288369487e-01
1.289262976548533057e-01,8.532459761585128311e-01,-1.637186289302019759e-01
3.154283509241838646e-01,4.753247822120824084e-01,6.969498605253336976e-01
3.637107709426226076e-01,9.692058717176852412e-01,3.148041224164010998e-02
5.701967704178796392e-01,2.656325475414472725e-01,5.690058700346063425e-01
4.386015134623203471e-01,1.350870662671888045e-02,-3.990086138618442746e-02
9.883738380592261841e-01,4.837528647017361738e-01,2.745346199608600379e-01
1.020448107480280697e-01,2.561137950200179647e-01,6.504087830738011222e-01
2.088767560948346924e-01,8.237176720231693672e-01,1.907787144288774495e-01
1.613095178849962563e-01,2.327726721811120836e-01,6.214719933278489705e-01
6.531083254653984316e-01,3.106292182913062971e-01,-9.346979072050012882e-02
2.532916025397821125e-01,7.912274310191123039e-01,1.660352164010771570e-01
4.663107728563062881e-01,7.151432520253599989e-01,-3.636054884536569221e-01
2.444255920016027428e-01,5.580512366572625282e-01,9.030830870117517728e-02
1.589695836455197187e-01,7.049480619227594946e-01,-1.235028710717777645e-01
1.103751411643051350e-01,4.186368635700264962e-01,4.895694719752843871e-01
6.563295894652734219e-01,5.310047614667801064e-03,-3.582974093472739985e-01
1.381829513486138028e-01,1.135512851219255825e-02,5.180220794613548119e-01
1.965823616800534968e-01,5.112217875736866368e-01,6.413740815684352281e-01
3.687251706609641078e-01,8.329097971899923625e-02,6.154377970958007094e-01
8.209932298479351021e-01,5.107548016925678169e-02,-3.581448262310980013e-01
9.710127579306127021e-02,9.655166391374733204e-01,-3.462426064154741634e-02
8.379449074988039037e-01,8.590026396580585644e-01,-6.299406169996466520e-01
9.609840789396306704e-02,1.520272272095695154e-01,8.201302879773686438e-01
9.764594650133957554e-01,6.642185902044905887e-04,-1.263922756311749995e-01
4.686512016477015763e-01,9.416677953897564235e-01,-7.027171591073734513e-02
9.767610881903371345e-01,2.783252983201143227e-01,5.184639304387883563e-01
6.048455197450459675e-01,1.858976028554975013e-01,-4.719662788253753405e-02
7.392635793983016734e-01,6.915081078315352681e-01,-1.249155547027065216e+00
3.918779225432067470e-02,1.089037388413262031e-01,3.284248958446365219e-01
2.828069625764095818e-01,2.646495980028003014e-01,1.044649320492096134e+00
1.201965612131689065e-01,9.750946802120464829e-01,2.567636617373753039e-01
2.961401975221449323e-01,6.394627744740102315e-01,2.104893295383101215e-01
1.187277189542440547e-01,5.206777914825535536e-01,4.663842553549635839e-01
3.179831793939760232e-01,3.979186148349377339e-01,7.472977562002811602e-01
4.142629945146699688e-01,7.745009548842020086e-01,-4.570158763860836526e-01
6.414749634878436080e-02,1.409574765236937255e-01,7.936569705239469030e-01
6.924721193700198452e-01,9.673378020369821639e-01,-5.245894188038271455e-01
5.666014542065751503e-01,8.611230080657866770e-01,-4.422168530983280887e-01
2.653894909394454160e-01,6.176569825692432847e-01,2.835922702044578192e-01
5.232480534666996697e-01,4.290619040255816419e-02,3.413175504977493113e-01
9.394051075844167542e-02,7.008556494477377052e-01,-3.208850998069572857e-01
5.759464955561792721e-01,9.132843408854808276e-01,-3.656017127607766315e-01
9.292961975762140669e-01,5.245770674786259802e-01,-3.723870196924941589e-01
3.185689524513236615e-01,3.542248218272627813e-01,7.881212729818448670e-01
6.674103799636816881e-01,1.202773449794696248e-01,-2.529112232338072142e-01
1.317978624043921743e-01,7.549011041375682796e-01,-2.250294352414065890e-01
7.163272041185655414e-01,8.850218512118062097e-01,-5.504773452313942439e-01
2.894060929472010990e-01,1.002517440758485812e-01,6.548268162851499374e-01
1.831913620071168314e-01,7.589845547523419445e-01,-1.950180155282418559e-01
5.865129348100831530e-01,1.706048625909750704e-02,-1.552229741673015195e-01
2.010754618749355238e-02,9.670549180772195497e-01,-1.849390848437503787e-01
8.289400292173630946e-01,6.150580206350961809e-01,-7.865090524303677277e-01
4.695476192547065608e-03,5.524390589916331473e-01,5.347732015680184414e-02
6.778165367962301069e-01,2.959498335889277909e-01,-1.319044090945395153e-01
2.700079731921648518e-01,9.292916715697834285e-01,2.371680342030746402e-01
7.351940221225948813e-01,2.659056273367910173e-01,6.596104229509874850e-02
9.621885451174382320e-01,8.281466132166949157e-01,-5.312251527065814383e-01
2.487531435199580310e-01,9.851086793371319761e-01,7.381043639667053124e-01
5.761573344178368972e-01,7.833966455148058117e-01,-6.110390617930867574e-01
5.920419312718390170e-01,5.189899203864317689e-01,-1.888568863087872196e-01
5.722519057908733719e-01,6.607426385167192162e-02,2.625709112252916366e-01
2.230816326406183103e-01,4.724137891710730175e-01,5.277596901609464819e-01
9.527490115169849894e-01,4.382559469717035583e-01,-4.389891857433164679e-02
4.471253786176273559e-01,2.027960411869952351e-01,3.675583224994297127e-01
8.464086724711278320e-01,4.235876367143044385e-01,-3.695743331047685598e-01
6.994792753175043121e-01,3.577578840803387061e-01,-2.429982713821201568e-01
2.974369508551336638e-01,1.636842611516484691e-01,7.163095924746709642e-01
8.137978197024772209e-01,4.413741433324861463e-01,-1.274521826011713599e-01
3.965057408469846445e-01,2.627999563244890480e-01,8.226157344001517879e-01
8.811031971111615846e-01,5.220624206822643831e-01,-3.082479831190407249e-01
5.812728726358586950e-01,3.516005971619418080e-02,5.746628157732724951e-02
8.817353618548527949e-01,9.062314197872841648e-01,-7.776483784567029822e-01
6.925315900777658795e-01,8.163643055198560594e-01,-1.029360983893562675e+00
7.252542798196405238e-01,5.525813325105045637e-01,-5.311527720348501180e-01
5.013243819267022561e-01,8.518085827572431379e-01,-4.696480086047187252e-01
9.560836347232238852e-01,9.623950738108004721e-01,-5.357037997534419560e-01
6.439901992296374056e-01,1.105222940526605635e-01,-1.121774983282598503e-01
4.238550485581796812e-01,6.308318084098037959e-01,1.088899366875524799e-01
6.063932141279243515e-01,9.979940009356585984e-01,-3.707891375435789505e-01
1.919319830933352566e-02,9.878891693335261071e-01,-7.851007280926633469e-02
3.015748166745493286e-01,6.033229922907445975e-01,4.654175335860574747e-01
6.601735374926850364e-01,1.280208704508166706e-01,2.439349228502885047e-02
2.900776072104440662e-01,5.831928309905282104e-01,1.542120676897965059e-01
6.180154289988415428e-01,2.064635574421713748e-03,-5.700043700869212859e-01
4.287687009457661347e-01,1.989113346668596183e-01,8.635532543172090847e-01
1.354740642224502301e-01,9.561231595599599675e-01,3.647800305384270581e-01
2.982823259560307694e-01,3.304405726028438739e-01,1.167802405929180054e+00
5.699649107012648708e-01,6.383901057769485465e-01,-7.644376290207217650e-01
5.908727612481732283e-01,2.808594946322426900e-01,-1.063927456268159988e-02
5.743252488495788066e-01,9.478218871115895450e-01,-2.516626109178895510e-01
6.532008198571336299e-01,7.285587299494867830e-01,-1.083768891323957595e+00
6.521032700016888839e-01,3.296511575814126127e-01,-1.640143689949265238e-01
4.314184354339739569e-01,7.917614211803708502e-01,-3.821521783861194788e-01
8.965465958510629996e-01,1.081655244763376489e-01,2.017454709931663648e-01
3.675618700478965328e-01,3.923189400654594206e-01,7.064717163577735048e-01
4.358649252656268125e-01,2.212181277315923289e-01,4.154337913895184697e-01
8.919233550156721035e-01,6.837264472760462564e-01,-7.929699395711757859e-01
8.061939890460857461e-01,1.024462817719303809e-01,-5.869363594438931075e-02
7.038885835403663194e-01,3.970258322826740738e-01,-1.547399278374774201e-01
1.002268873123011161e-01,2.766497302091895927e-01,8.309460045066556777e-01
9.194826137446735492e-01,5.063429193238041526e-01,-4.273551225021730016e-01
7.142412995491114192e-01,3.498976805038789273e-01,1.259080657660499036e-01
9.988470065678665133e-01,7.064105776670109860e-01,-4.481472801866159261e-01
1.494483046579937469e-01,2.457702430696606655e-02,6.083394266383632676e-01
8.681260573682142434e-01,6.339869213059075026e-01,-4.523136733295470280e-01
1.624929346763748228e-01,2.305712896938200140e-01,8.795067762188668592e-01
6.155595642838441739e-01,2.687090287568493219e-01,3.932167846175634862e-01
1.238199828494415122e-01,8.002556035835235448e-01,-4.199885372979883513e-01
8.480082293222344081e-01,9.555683939804208160e-01,-8.258902239486729524e-01
8.073189587250106936e-01,3.165502100270866093e-01,4.316661356474388311e-02
5.691007386145933156e-01,8.268052703690756955e-01,-7.663602708439911648e-01
4.071832972259996630e-01,1.039908379712330966e-01,4.282506872601450354e-01
6.916699545513804726e-02,6.339816530073831835e-01,-2.956521242122633897e-01
6.974287731445636407e-01,7.510322995349187902e-01,-1.081917872217801335e+00
4.535426826780688536e-01,1.559779280344565366e-01,6.965141027317258704e-01
7.220555994703479197e-01,4.260023876695605560e-01,-2.266102220803422052e-01
8.663823259286291822e-01,8.927071642489815551e-01,-5.108610980559502579e-01
9.755215050028858137e-01,1.035784634483721822e-01,4.244319232873842718e-01
8.558033423926110217e-01,1.809635820147514895e-02,-1.310357587921267553e-01
1.171408418500197168e-02,5.905853790479337340e-01,-2.839101669731491917e-01
3.599780644783638905e-01,4.355315405309334587e-01,5.351048790914980646e-01
7.299905624240580204e-01,7.986892488839026916e-01,-7.170787072268967055e-01
1.716296772614405164e-01,9.234555382041066407e-01,3.063472379607314888e-01
5.210366062041292823e-01,2.991536445438160996e-01,1.587273075256458443e-01
5.433798833925362892e-02,3.884041171691052785e-01,5.152818201084168326e-01
1.999965248964000741e-01,4.862720863293148454e-01,4.322032951838413739e-01
1.852179446061397172e-02,5.881514604352993114e-01,8.752555080957596934e-02
7.936977033574206253e-01,9.838538296816167206e-01,-8.237166698746438698e-01
2.239246880603801282e-01,6.973302508300515123e-01,8.774329003326991616e-02
3.453516806969026964e-01,3.895485073455687841e-01,8.668957355059117020e-01
9.280812934655908730e-01,2.637676864504621133e-01,1.531462987427123501e-01
7.044144019235327736e-01,9.446257184221240610e-01,-3.659202362469928249e-01
3.183892953130784687e-02,1.355484331085063943e-01,6.912738066688033367e-01
1.646941564979127470e-01,7.202658525047580529e-01,1.879733775749466429e-01
6.214784014997635220e-01,9.253950252924406650e-01,-8.599940275278956658e-01
5.772285886041675917e-01,6.646655865344386349e-01,-6.211229909130108195e-01
2.378928213745086229e-01,4.230544401661211484e-01,6.077682442082287251e-01
9.342139979247937598e-01,1.989909399254840006e-01,4.831185627007411054e-01
6.139659559658959820e-01,3.674753222519272500e-01,1.213653128192372921e-01
5.356328030249583039e-01,7.068718094201220659e-01,-5.694388778814558627e-01
5.899099763545709862e-01,6.495342241752968260e-01,-9.025683350099535929e-01
7.301220295167696328e-01,9.279761665983579100e-01,-6.905967942978872287e-01
3.119449954796018609e-01,8.668609136593748987e-01,1.705828875798526267e-01
3.982210622160918811e-01,8.161507522663683512e-01,1.145133470462707526e-01
2.098437489751221463e-01,9.114508753507623018e-01,2.711460554903487030e-01
1.861930058803361598e-01,2.763371527370493963e-01,1.233962854691666999e+00
9.443723899839335800e-01,3.695235401396494979e-01,4.712482393001495851e-01
7.395507950492875571e-01,3.798939037860173951e-01,-6.628611383042343208e-02
4.904588086175670769e-01,5.604505887097802619e-01,-1.518763208298907763e-01
2.274146279733232356e-01,6.682182295427709917e-01,3.915773731755811671e-02
2.543564817703929393e-01,2.867166830403943267e-01,1.220793380182257248e+00
5.802916032387561707e-02,1.946246730930034641e-02,-4.376359033805055088e-02
4.344166255581207725e-01,3.992223836579092966e-01,2.644050196174733136e-01
3.117958819941025750e-01,3.085279595544004883e-01,6.905955410092419200e-01
6.963434888154594882e-01,9.421847190180479004e-01,-4.953557379748144140e-01
3.777518392924809065e-01,8.882650405440435382e-01,-7.171427255082296615e-02
1.796036775596348001e-01,8.603106783434195659e-01,1.500293739406936555e-01
2.467872839133122831e-02,6.529997609452430352e-01,-2.704856869269174902e-01
6.724963146324858254e-02,3.442891646989388876e-01,5.513282147956012347e-01
6.793927734985673039e-01,5.488492673993047299e-01,-5.837236533281301432e-01
4.536968445560453089e-01,8.152250407163726953e-01,-2.280906963682894917e-01
5.365792111087221983e-01,9.861036872281103705e-02,4.410118497501857582e-01
8.966712930403420989e-01,8.010748802553047110e-01,-7.313814581961940453e-01
9.903389473967043610e-01,4.117979132812166210e-02,1.662195251070105184e-01
2.168969843984739354e-01,8.164210312143557191e-01,-2.271488415207849609e-01
6.630782031001007937e-01,8.075638041598734995e-01,-6.235880103097086735e-01
2.633223767371506430e-01,5.100730882875581518e-02,6.726135176807508387e-01
2.065099946572868106e-02,6.271607114618582557e-01,-1.128613685243894382e-01
7.583786538361414475e-01,5.024530743128972077e-01,-7.768389128368875518e-01
3.200171508224678441e-01,1.698195031717146808e-01,8.428165447670783461e-01
3.834638941718979677e-01,1.483789376773756441e-01,5.899397935986757657e-01
5.883171135536057195e-01,7.732591260670231836e-01,-8.979192189901611387e-01
8.310484552361904198e-01,5.676927488368440633e-01,-4.679937146495291578e-01
6.289818435911487260e-01,9.829991349165324577e-01,-3.412754998826775799e-01
8.726506554473952848e-01,9.822477772883441149e-01,-4.505411089005065817e-01
2.735420348156357706e-01,9.926669934642663451e-01,1.778622354694086027e-01
7.980468339125637023e-01,1.186155183657658929e-01,1.406582289895817461e-01
1.856359443059522052e-01,9.382561369639622617e-01,5.477361396415925121e-01
9.527916569719445672e-01,2.445696090205627948e-01,1.840961539308745565e-01
6.874882763878152891e-01,4.582122597586120172e-01,-6.073409587305438340e-01
2.155076771135584490e-01,7.574065558217258909e-01,6.964755424922364213e-03
9.473705904889242468e-01,2.036209320772319753e-01,5.874233129674065745e-01
7.308558067701578231e-01,5.663116055543299110e-01,-4.524984357830465487e-01
2.539416425950258294e-01,1.858167482259956982e-01,1.010534690572388428e+00
2.133119773674819752e-01,1.047361066812932950e-01,6.747014685456014238e-01
5.182007139306632482e-01,1.165586124295985293e-01,1.752348062821063035e-01
2.566271805453157473e-02,3.576390348482187953e-01,7.089629913264419159e-01
2.074700754411094028e-01,4.654836837183484732e-03,4.919458316410906806e-01
4.246854687515062565e-01,4.248539212016895217e-01,2.339490278235754339e-01
3.741699803342255493e-01,6.641971050811490418e-01,-2.246338524799207648e-01
4.635754243648106954e-01,4.016881850039887292e-01,2.690972667078921354e-01
2.776287062947319084e-01,8.579460051983511804e-02,5.232792014529691338e-01
5.867843464581687929e-01,6.268886202364054583e-02,-8.961329028121539642e-02
8.638556059232314066e-01,2.781165127648617119e-01,3.644251352537477562e-01
1.175318559620330827e-01,1.693126905436007634e-01,8.749588297078706445e-01
5.173791071541141706e-01,9.650949732179694429e-01,-4.197857025121681795e-01
1.320681063451533133e-01,1.512302249740850035e-01,4.789660126929939366e-01
7.168596811925936896e-01,8.054624374049965674e-01,-1.093397196541890493e+00
3.960597028072937453e-01,5.861079417411447778e-01,-3.607853670898295007e-02
5.654213118585089681e-01,5.692869199842943706e-01,-2.445986937175848031e-01
1.832798362140786175e-01,5.120807159237845685e-01,6.989914046856995355e-01
1.448477593433772359e-01,9.717630761139510742e-01,2.390802279567583177e-01
4.880562806489545657e-01,3.638447750916378176e-01,5.269468070158556117e-01
3.556127378499556180e-01,7.879157509538762261e-01,2.049575021791727458e-01
9.404319452528130396e-01,5.552941074669596189e-01,-2.056379588346699538e-01
7.653252538069652555e-01,3.956336676257261598e-01,-1.110919318975860381e-01
7.486636198505473017e-01,9.554659333057808901e-01,-8.912267669721313235e-01
9.037197397459334480e-01,5.983159693646871169e-01,-6.800261229601899382e-01
8.342243544201854988e-02,1.189169421460135601e-01,8.380629877703014152e-01
5.521924699224065591e-01,4.175392009968565965e-01,-9.281872122168374761e-02
5.844760689557688682e-01,7.815817276816076076e-01,-5.371366145054414787e-01
9.619363785472290207e-01,6.937470232392137781e-01,-4.697419117294331925e-01
2.921475267925488506e-01,9.163403298365742078e-01,1.514770044448996988e-01
2.408287799154468223e-01,2.593773841415202286e-01,1.015807010571768254e+00
1.002939422654978152e-01,7.581937163538238211e-01,-1.790144408893110661e-01
1.642962959147420410e-02,4.598752073945209240e-01,3.046804864125006174e-01
9.295293167921905297e-01,5.736097469668154369e-01,-4.273881825742403828e-01
6.699165465909100448e-01,9.550466810062829826e-01,-7.975360984878598902e-01
7.851529120231377501e-01,9.792863199891773673e-01,-3.886709512141229284e-01
2.817301057539490783e-01,8.615909639255635577e-01,5.180817496769468677e-02
5.864101661863266868e-01,3.590970877302962494e-01,4.065909529400025813e-01
6.395526612098112462e-02,8.877008357273198369e-01,-2.585782224293102782e-01
4.856275959346229021e-01,6.386091776414130061e-01,-4.795186243461092568e-01
9.774951397444467949e-01,4.299967804707131025e-01,4.253750242078926935e-02
8.765052453165907975e-01,3.574268250048373563e-02,-1.954561645305872841e-01
3.381589518368456337e-01,7.701281241915821640e-01,1.661498791033440559e-01
9.615701545414985230e-01,5.021055807241130431e-01,-3.204068563772404232e-01
2.317016264712045137e-01,7.861884994650607528e-01,-1.226240112341117350e-01
9.493188224156814403e-01,7.480227993432698730e-01,-6.074958312628367940e-01
9.413777047064986192e-01,7.935673680483519288e-01,-6.888136804357052334e-01
7.992025873523916912e-01,3.006511586967668404e-01,-3.301055507928563060e-02
6.304479368667911254e-01,8.007985990676309562e-01,-6.477526210198318868e-01
8.742879666249470105e-01,5.488463284661673214e-01,-2.518620972766004162e-01
2.930202845077967133e-01,4.733262004491431973e-01,5.540354744491681194e-01
8.489435553129182077e-01,6.751259138207569288e-01,-7.397220133348809679e-01
6.178766919175238126e-01,2.135868293834830567e-02,-8.984632316090507276e-02
1.323685775889948957e-02,1.023168158875942257e-01,3.523064397415506255e-01
3.472335179322195708e-01,2.921773651675220185e-01,7.686906887040594327e-01
1.481408609481650318e-01,9.829901099578396417e-01,4.305622131503891170e-01
9.818293898182531843e-01,1.397457788649549837e-01,3.788517823977087251e-01
4.783703070399880630e-01,3.305963007592103153e-01,7.459281758677926977e-01
4.973913654986626964e-01,5.105306469192361085e-02,-1.027094052351459619e-01
6.394725163987236005e-01,3.312688802927262754e-01,2.980996430657653629e-01
3.685846061296175202e-01,3.203262865108316149e-01,8.401491050498141044e-01
1.369002716855989288e-01,9.468071709445221584e-01,-7.563407521199411176e-02
8.221177331942455258e-01,8.451540869957203661e-01,-9.559875204496385281e-01
1.898479119027579598e-01,3.827642192427714862e-01,9.352041278545939473e-01
5.113189825464560245e-01,2.476905803924867033e-02,3.503074652301520209e-02
2.243170289747392632e-01,8.310311139953782122e-01,3.450158068172277104e-01
9.784448449403404524e-02,6.605361771445401597e-01,-1.811107166105391797e-01
8.621915174216833178e-01,1.523644836513097234e-01,-7.602061848796809462e-02
9.729194890231303017e-01,9.960712710101872203e-01,9.599593467215057629e-02
9.608346580630001688e-01,1.002334374241230508e-01,2.014261648978194486e-01
9.065554992211789509e-01,8.671145415936628575e-01,-5.382201002491338038e-01
7.740473326986387903e-01,2.942661641296889785e-01,1.699028173710528944e-01
3.331451520286419221e-01,4.353534663251570347e-01,7.337188596923664985e-01
8.110138998799676369e-02,7.954565267763146208e-01,-2.823970660220199713e-01
4.072411714138073346e-01,6.775083559940102695e-01,-3.989567983616781888e-01
2.322341421709427367e-01,9.378643744440391394e-01,3.547533964818516683e-01
1.324876347579829750e-01,6.211403254603832247e-01,2.633731679427376293e-01
5.342718178682526187e-02,9.781016147905274849e-02,4.043464700699214709e-01
7.255943642105787683e-01,8.843603632419503313e-01,-5.798582773373957000e-01
1.142745862503102838e-02,7.691555249885910772e-01,-4.583966015685892459e-01
7.705807485027762471e-01,7.118704508933220154e-01,-9.090398965361846662e-01
1.469466454003750533e-01,5.373354735373536695e-02,7.642093964429791386e-01
7.952208258675574903e-02,3.962227446617440085e-01,5.817275511270534327e-01
8.960303423860538352e-02,1.674358194595392257e-01,4.556570264783588731e-01
6.720478073539144503e-01,8.219039084078689772e-01,-6.024631490353760110e-01
2.453672098528447698e-01,7.005286228178627672e-01,-1.287410568517426690e-01
4.205394666800984504e-01,8.830775973191352657e-01,3.053157507949996741e-02
5.573687913239169234e-01,9.665751069241639293e-01,-2.775208906392104824e-01
8.605511738287937584e-01,7.747476141924986015e-01,-8.908545762155457570e-01
7.270442627113282708e-01,9.942330832207620928e-01,-6.665569134630512371e-01
2.703279052387146386e-01,6.147698861442988383e-01,2.991043320311025377e-01
1.314827992911276056e-01,3.712960389144781548e-02,2.509211531930485295e-01
5.537432042119794229e-02,1.425151515029587923e-02,5.094595627686826500e-01
3.015986344809424846e-01,3.421038752037887098e-01,1.099762078979946267e+00
2.621181492396782442e-01,8.234717190675371334e-01,7.159431220587575417e-02
4.561405668004796521e-01,8.661347063247309963e-01,-2.819057346835081024e-01
6.832813355476804462e-01,9.608125288226778693e-01,-7.066983771598369657e-01
6.956254456388571983e-01,6.512146854881839531e-02,-2.712233452990033822e-01
2.835188465821666393e-01,4.457111098766408652e-02,8.548039265534186359e-01
3.799269559001204888e-01,9.132835963670337120e-01,-5.170250824771654985e-02
1.811509617369030378e-01,3.050466983628615791e-01,9.246543823093416048e-01
7.885455123065187033e-01,5.579874006096326999e-01,-8.228467216975884346e-01
5.684807643324030213e-02,9.824448830007098676e-01,2.207028842441904892e-02
6.969972417249873375e-01,4.004485347359233449e-01,-3.656209357206979815e-01
7.786953959411033743e-01,6.658713983098398792e-01,-6.293296855598546902e-01
7.774075618487531480e-01,4.008795636319852917e-01,-1.580533918634001722e-01
2.594225643453549335e-01,7.681946644627797305e-01,1.420767946743257126e-01
3.738131379325614345e-01,5.277147255728658060e-01,2.850102114222205496e-02
5.875996351963890252e-01,2.375231379863497194e-01,1.566187760705513576e-01
2.728219024244670221e-01,2.713061012584662146e-01,1.225978587422791533e+00
3.708527992178887178e-01,2.580592125384072455e-01,6.126671803054108967e-01
1.970542801856396409e-01,5.323203282585607932e-01,1.710363345351660902e-01
4.598558837560073886e-01,7.031890160156643033e-01,-2.784945197907277015e-01
4.461230125411408398e-02,9.492799000431421108e-01,5.534046100976205973e-02
7.997958845706180098e-01,6.940873750829799071e-01,-7.422512582439058093e-01
7.695644698663273164e-02,7.811928439623906373e-01,3.322426959561697313e-03
5.188351488315260385e-01,1.689261158645656291e-01,1.626756290685626438e-01
3.068100995451961133e-01,3.740626250073256776e-01,6.797375964515008917e-01
5.775429488313754689e-01,4.137802198582660740e-01,-1.979569065608241529e-02
9.594333408334251301e-01,6.863802300004729906e-01,-8.861085810021502862e-01
6.455702444560038611e-01,2.958919763768735889e-01,-1.749268842850034700e-01
3.536243575549091744e-02,3.032919214196660995e-01,4.183082618799316976e-01
4.304024395080612297e-01,3.558891546408681217e-01,5.937654496241262514e-01
5.100168523182502245e-01,8.103020815432322443e-01,-6.450725045852649941e-01
5.361774947034519956e-01,5.775900900433487140e-01,-1.208845856042640721e-01
6.813925106038378754e-01,7.527727983273446721e-02,-3.319240567727904656e-01
2.775960977317660783e-01,7.824609969046880664e-02,9.833101786751368145e-01
1.288605654663201872e-01,3.712869442824993094e-01,1.008601685232900058e+00
3.926756765470943433e-01,7.665910506061582863e-01,-2.151783874328173640e-01
9.564057227959488205e-01,6.886834264786805271e-01,-7.623217601521524722e-01
1.871308917508447411e-01,7.079823546511866406e-01,-1.461819074387526174e-01
9.039839549282370212e-01,7.672100660540969175e-01,-6.149553810017636124e-01
5.438059500773263499e-01,2.871527128863293754e-01,2.145589346223065463e-01
4.569114216457658140e-01,5.482562819420879752e-01,-8.722051433588109970e-02
8.820414102298895775e-01,5.433526403167695529e-01,-4.849432610896056706e-01
4.586039617685858660e-01,7.396325011799492755e-01,-3.252847688801631110e-01
7.241676366115432639e-01,9.568705691056463847e-01,-3.296109054356053947e-01
3.990253217031020094e-01,2.779899447954659042e-01,6.279778919491562084e-01
9.040443929009577273e-01,7.932816727570481952e-01,-8.530902908636771587e-01
6.900250201912273562e-01,6.599705485232624236e-01,-1.029296845172829267e+00
6.996220542505167117e-01,5.802378708634601256e-01,-8.000233698179818331e-01
3.277204015571189011e-01,7.748797793474019313e-01,-2.918620108475806774e-01
7.567786427368892177e-01,9.440324664280993483e-01,-7.558864105415572521e-01
6.360610554471413103e-01,3.669141786941298999e-02,-3.028144691843137615e-02
2.400202733797095478e-01,1.474001025132206655e-01,7.778250843289369332e-01
1.605388224852564161e-01,7.562872315011157642e-01,-1.533804762446966674e-01
7.963914745173317211e-01,8.379135291008454889e-02,3.902068200431102474e-02
9.591666030352224981e-01,5.161237007410930389e-01,-4.041926530386152905e-02
4.581388272600428468e-01,2.198607766416069698e-01,6.311043722223428354e-01
5.909841653236849179e-01,2.742957038427514815e-01,3.899823085496357811e-01
8.577226441935545953e-01,7.018404829444162552e-01,-1.093152875987772665e+00
4.572234533538570567e-01,3.019277326871161460e-02,2.057540182248273619e-01
9.518744768327361827e-01,8.733194279019036443e-01,-7.352225145275015361e-01
5.757511620448724221e-01,4.444789553522699999e-01,-2.180162773706062485e-01
8.207671207013149672e-01,5.023932939071010795e-01,-6.737802704240026808e-01
9.088437184127383661e-01,5.400479636936919015e-01,-4.783835195700656406e-01
8.155238187685688311e-01,6.455442945794939158e-01,-9.253609151932273846e-01
1.594144634489559342e-01,3.448565866227480958e-01,1.103353958208477037e+00
6.288984390617003983e-01,1.011074905634913312e-01,-2.069308937060033438e-01
3.984342586196770730e-01,3.183789366661765596e-01,7.358735350361119698e-01
6.271295202334570273e-02,1.681421180228203083e-01,8.140989656047351586e-01
4.240322518898419490e-01,5.561331794504739134e-01,2.463563261174714913e-01
2.586840668894077044e-01,3.180286309603864714e-01,1.104477506425976197e+00
8.490383084285108017e-01,9.580671779934348820e-01,-6.637936883725311654e-01
3.330462654669619216e-02,9.657342779802806643e-01,-5.968619739255859313e-03
9.589827218634735528e-01,6.201258805682414721e-01,-6.582726224534922732e-01
3.553688484719296214e-01,6.174972676672859651e-01,-1.290939676093322552e-01
3.567068904025428866e-01,9.853785645671059301e-01,3.074029445634622326e-01
1.632850268370789060e-02,8.872831512351859740e-01,-1.308788560201508133e-01
1.852323252361839367e-01,7.650699491581399725e-01,-2.264300708973598919e-02
4.012595008036087263e-01,3.135906117427011974e-01,9.833099986497297884e-01
9.292914173027139180e-01,3.655390281180763701e-01,3.575770496049506253e-01
9.961493022127132502e-02,2.012667657608654403e-01,4.886193044153422926e-01
9.453015334790795254e-01,4.871481269173746353e-01,-8.709445370224627725e-02
8.694885305466322212e-01,9.903685221395795990e-01,-3.303253357394291823e-01
4.541623969075517797e-01,9.121509530115887721e-01,1.567819929654305500e-01
3.267008817682600652e-01,1.183494340194690686e-01,4.954691719751919132e-01
2.327441292790568550e-01,2.519028929050615151e-02,5.945339447190991500e-01
6.144647064768743450e-01,8.986376684082661992e-01,-8.038681269203786783e-01
3.307459147550562140e-02,5.371701279487074432e-01,-2.803563884154701702e-01
1.560606444682821614e-02,2.001898882084561793e-01,5.771547474811775658e-01
4.287957224982378301e-01,6.736532695846353391e-01,-6.369727553176482426e-02
6.807407397472020616e-02,6.442231779298199790e-01,-2.125820329067257264e-02
2.519409882460929007e-01,1.220856068364671865e-01,5.651561873948718340e-01
2.211609153460838417e-01,2.596002334976195147e-01,9.350724451339655907e-01
2.531911937228519260e-01,6.007796431325795883e-02,4.108952567634807096e-01
1.310552312152577503e-01,2.098604738701419503e-01,6.996312058231149988e-01
1.203622289765426956e-02,1.323056748530628823e-01,2.229097019381620082e-01
1.154842971387480821e-01,1.932362924745560928e-01,6.294398558180769321e-01
6.184802595127478764e-01,6.854671459131169708e-01,-8.947647439872854491e-01
9.742562128180503045e-01,4.949974426106773517e-02,-6.106039664869714056e-02
9.903450015608938894e-01,1.018546152482164846e-01,5.456407349888225955e-01
4.090540953730615881e-01,1.341736380782876381e-01,5.551956278071961126e-01
1.629544260466053718e-01,3.165411209581340257e-01,1.120500791876773095e+00
6.387617573665292925e-01,2.987503108519409256e-01,-9.741357834080133227e-02
4.903053465487371421e-01,2.550637853166394242e-01,6.884328870441408510e-01
9.894097772844314687e-01,7.505366534324162675e-01,-7.964354560383302140e-01
6.530420715178020252e-02,9.980227877581006046e-01,1.708959775164188843e-01
7.832344383138131194e-01,5.339779236287958142e-01,-8.917678129879131887e-01
2.883984973314939193e-01,9.442027179139420578e-01,4.999692421940951648e-01
2.414186200765739976e-01,3.966101121260646734e-01,1.072006058085011926e+00
6.625045715326759455e-01,1.066824468027134376e-01,-3.946504235464393107e-01
2.460631849909644675e-01,4.087738294698373132e-01,1.031312734295494637e+00
6.658591175591876965e-01,2.961277734146933183e-01,2.117200266507202056e-01
5.173085172022887646e-01,4.934069622891781304e-01,-1.182455252611444851e-01
4.240889884358493012e-01,6.570436769164231805e-01,5.775263766823740541e-02
5.546878086614189796e-01,4.610502191524081805e-01,-1.695449226374517171e-01
2.870515199196297385e-01,9.351605120778255786e-01,2.339780735621598828e-01
7.065747062729789141e-01,8.847648222993799161e-01,-1.054686532129819110e+00
4.148568693335640267e-01,7.019775951661971769e-01,-1.283403380256504245e-01
3.605455604858922580e-01,4.896849123645491408e-01,1.343054793074132669e-01
8.286569145557377558e-01,1.316872818144568802e-01,-8.113489618319758012e-02
9.249669119531921391e-01,3.970136667776333894e-01,1.842577618752194446e-01
4.600731088729692608e-02,7.044015394011736708e-01,-1.443447061692639255e-01
2.326269928297655110e-01,2.848855205537311752e-01,7.750256423259075378e-01
3.485193694925632357e-01,1.039880775434204319e-01,8.636146871601073638e-01
8.149664793702473542e-01,9.078984575106281429e-01,-6.009372049403192140e-01
9.854914276432975573e-01,7.090508098155445804e-01,-4.933159872749470765e-01
9.689717046703517633e-01,6.152764266350971845e-01,-3.773820302870070087e-01
9.049483455499268691e-01,7.924989056089165596e-01,-1.008693074408974821e+00
2.965562650640298781e-01,8.356460375834756649e-01,1.097081794694145240e-01
9.920112434144741087e-01,4.834589981710233353e-01,-4.430196682923161211e-02
2.494200410564512138e-01,8.811882514094400154e-01,3.810023934958824410e-01
1.059061548822322063e-01,9.164190107011054298e-01,-5.411622853212730289e-02
9.509526110553940814e-01,2.715510954247813968e-01,3.897206067756969761e-01
2.334202554680963049e-01,6.075453597907942704e-01,1.404997289895941748e-01
6.897682650777504643e-01,5.265840288204691744e-01,-3.219909697765981904e-01
5.835635898058866289e-02,5.379457791519024479e-01,-8.648247839157766070e-02
7.307090991274761693e-01,9.376630939645620444e-01,-9.399184581675297245e-01
8.817202123338396813e-01,3.051887026930290014e-01,2.811185330509071156e-01
2.724368954659625031e-01,9.834339782345762337e-01,3.908279255654039663e-01
3.790568960774285401e-01,9.021312148042320844e-01,1.094366306308528491e-01
3.742961833209160760e-01,4.587228886135026329e-01,1.991740279251731360e-01
7.487882575401331176e-01,8.174532636181661704e-01,-6.844816734493719412e-01
2.378072425390388434e-01,7.690469943201405645e-01,2.286807981011053648e-01
1.718530990476430098e-01,6.778949696185212481e-01,6.569063844237538197e-02
4.492916486877380766e-01,3.198338893831542684e-01,3.194767735058490765e-01
3.044684073773195054e-01,1.964509918209539352e-01,8.697542759767377119e-01
8.391891222586523869e-01,6.715276967657581864e-01,-5.766907942538053167e-01
2.377418260156387575e-01,8.429732964010842045e-01,1.902304240291847193e-01
5.023894574892614484e-01,1.625278867736967836e-02,-1.599427601522211417e-01
9.425835996979303744e-01,6.428033753085120594e-01,-5.909440685534455007e-01
6.339976977446607487e-01,4.428730246222124523e-01,8.271758935858383732e-02
8.672894054624648019e-01,8.980877551269835779e-01,-6.481670469572382576e-01
9.402096893547673417e-01,3.214729308542052522e-01,-1.825695100853585995e-02
7.507648618863519419e-01,4.741848122636217466e-01,-3.473853223351313080e-01
6.995750602247513550e-01,5.147671040351863292e-01,-6.587098006751408441e-01
9.679655666042270568e-01,1.404395213710529777e-01,4.548189110962383430e-02
9.944007896476794173e-01,7.128923026989063549e-01,-5.623129367987738103e-01
4.518216826697596389e-01,8.304763451209595804e-01,-2.532609713536035922e-01
7.086977818420836517e-02,5.790927689626024222e-02,1.035229275993894693e-01
2.927940314405188538e-01,2.913888205369027373e-01,1.000650319731330784e+00
1.523547056877304628e-01,3.804468153505791150e-02,5.339199949999406947e-01
4.174863747960118054e-01,9.565441046882423581e-01,2.892808184664519833e-01
1.312893284732560284e-01,6.671688207038235507e-01,-1.124243248467839407e-01
6.041178040208819988e-01,9.642004194547815210e-01,-3.837103516867782504e-01
3.828080591578540970e-01,5.314942783313078012e-01,3.826976739616034240e-01
8.953858842882099767e-01,8.020685238956138940e-01,-5.406872236736006698e-01
9.677946717985018710e-01,3.744139838797400088e-01,1.823865672327039666e-01
5.468849016694221632e-01,3.538190325726409124e-01,3.131485583278033613e-01
2.748235698675965955e-01,3.782678171051326865e-01,9.569172302028282617e-01
5.922304187618367965e-01,6.578621337264282110e-01,-9.663679611529965019e-01
8.967611582244098267e-01,3.594531510216522063e-01,2.647426786966425305e-01
4.067333458357482723e-01,9.003674516042255993e-01,-8.997854587690079509e-02
5.520782766919708484e-01,9.832748650501552667e-01,-1.110082302542634014e-01
2.716527676061458729e-01,3.042651533700591049e-02,5.733848068758983230e-01
4.554441494500269805e-01,1.936232904024964840e-01,7.285163047286706828e-01
4.017135353795986408e-01,1.122499925873859938e-01,7.482455243972613301e-01
2.484134650829710189e-01,4.236404709144325764e-02,4.464422716563270499e-01
5.058663838253083522e-01,2.277409933472864800e-01,5.739968632319927266e-01
3.103808259798114255e-01,4.467933203690811483e-01,8.392980603145991925e-01
3.730348638807474693e-01,8.369903652886837575e-01,-2.279223645882509919e-01
5.249704422542642579e-01,2.218240305099961063e-01,5.689696752797597235e-01
7.505950229289874986e-01,4.939452556622012658e-01,-4.006844853283558217e-01
3.335074657912753260e-01,9.296187394467544385e-01,4.918417324324378948e-01
9.241587666207635721e-01,6.672147067866749381e-01,-8.070698773606284071e-01
8.623185468359023664e-01,7.980790197559974875e-01,-1.065364761722293885e+00
4.869029597552854138e-02,5.509939701854862371e-01,-1.196125375623051379e-01
2.536425242568227656e-01,9.804664588406299952e-01,2.934318415403331382e-01
4.461355126592019271e-01,5.886621546814742034e-01,5.575261982360521507e-02
1.046278887424740844e-01,4.551071396259154245e-02,5.864301441877244336e-01
3.484759890334970800e-01,1.979827999397948401e-01,9.826468678649421529e-01
7.400975256176824946e-01,4.047736289571479684e-01,-3.875754442645209519e-01
6.805144811428258667e-01,6.012771725737763306e-01,-5.331444524701451915e-01
6.223844285660048437e-01,7.719308674089598865e-01,-5.690132292502634304e-01
7.105284027223456311e-01,4.130861259038862698e-01,-2.060607622578167764e-01
2.049236869597017563e-01,7.100583050156886733e-01,8.536643869995347300e-02
3.416981148647321165e-01,7.898695031091249596e-01,-6.469664641007505379e-02
6.762424822774628641e-01,3.172601972499827783e-01,-1.211159933477696515e-01
8.792347630313270823e-01,9.792702400358185288e-01,-5.372739945515305759e-01
5.436780538280951980e-01,6.496564952358355738e-01,-6.513236038109480042e-01
2.826996509455366180e-01,8.809980607861311874e-01,-3.598732652114047803e-02
3.023525800598259039e-02,5.559376888086067225e-01,1.634330426066181730e-01
7.103368289742133523e-01,7.416031071523236928e-01,-7.688190511150181372e-01
7.884103508440376551e-03,7.705440616163653500e-01,-4.940981010545233976e-01
3.726790698209955233e-01,9.082483792345790174e-01,6.478960966991048620e-03
5.305372145627818004e-01,1.503497568713703103e-01,5.732524527483511267e-01
9.221114617671930525e-01,5.582834241692484767e-01,-5.806564630757874435e-01
8.949454503290010798e-02,4.283785131058562845e-01,5.161842405047296634e-01
4.059423219682837258e-01,9.231590211737402685e-01,-2.208459913914622708e-01
2.431319971015777348e-02,1.050946942489991986e-01,1.974952829240582686e-01
3.426109843415903189e-01,9.825738886809127770e-01,4.254918893070362973e-01
6.222310588397949038e-01,8.754513240932962903e-01,-6.025883429501102118e-01
2.790679482285983726e-01,7.382628156424853039e-02,7.639850260283529426e-01
2.097499496556350929e-01,4.909663855404744481e-01,7.342211733671664131e-01
1.157032333270936464e-01,7.175595002125259025e-01,1.387037546570850099e-01
5.771402440203418083e-01,7.381515456910564543e-01,-5.732634539022347653e-01
6.952700059046860170e-01,9.064941252379208336e-01,-7.688190717818039754e-01
6.719571405958223442e-01,7.998654355823109352e-01,-7.163801408205450194e-01
9.488610207205073754e-01,3.109303803440894853e-01,7.812916932463792596e-02
2.703213893502698362e-03,4.984347858624523786e-01,1.233715924348848386e-01
6.471966538940360225e-01,7.017857629358540406e-01,-8.654986538071891555e-01
6.003922370976395584e-01,1.384368413643514151e-01,-1.059412878869738228e-01
5.887396099702881802e-01,1.939907976001973289e-01,4.885553312206586396e-01
9.627703198402424167e-01,4.810424481098726224e-01,-1.534181192997682575e-01
1.687167337003969703e-02,2.982457987055127102e-01,5.993610788232921482e-01
6.964824307014501059e-01,8.625592497840949280e-01,-6.249230491687882694e-01
8.136786497018634323e-01,5.862773215206179556e-01,-7.144632711879761455e-01
5.098071966215841355e-01,3.486651977183676809e-01,1.452510514165732403e-01
3.339648695968091552e-01,8.488330256044100963e-01,2.166082133905644080e-01
7.908401632274049131e-01,8.048784485542388456e-01,-1.042269770351834657e+00
9.724292563242464826e-02,9.983548770992695109e-01,5.715134021256891295e-01
4.420356377299252681e-01,8.473076883337348209e-01,-1.025361984599404419e-03
5.199523745708382050e-01,4.144565348056796772e-01,4.055402317644739574e-01
6.939564109345475185e-01,1.274988817699884702e-01,-1.965071054988989097e-01
9.088573203240946086e-02,8.406409082004778766e-01,3.454867696945362887e-03
2.277595015378609533e-01,5.975791796039398029e-02,9.702784252196221537e-01
4.103015626901256319e-01,3.502712073448541741e-01,6.869130823743985204e-01
6.232946730201306407e-01,9.197379807712737776e-01,-6.089034395871976146e-01
8.869607812174175043e-01,9.607664734451006883e-01,-7.392220109111438120e-01
6.188261682413764841e-01,6.405645935212184172e-01,-6.058385967955493001e-01
1.334614709349344341e-01,6.886483169837135376e-01,1.236199180704131706e-01
9.805801327872823991e-01,4.245448872552248787e-02,-8.058511399042789236e-02
8.717857347554929248e-01,5.144803410895478768e-01,-5.170349588161516907e-01
5.027207611453240466e-01,5.468681788063411986e-01,-1.532627259398007258e-01
9.223479817966330208e-01,3.401007461241111196e-01,-6.914448682571405769e-02
5.413807937571357698e-01,6.859683475388433926e-02,-1.658635452407513922e-01
9.233060678891631401e-01,2.289075997243940064e-01,2.165580726768220887e-01
8.298973686033431774e-01,3.579839368611963391e-01,-1.923143827030529829e-01
9.682864102942972950e-01,4.351419865163296263e-01,4.281370007683470147e-02
9.197828107781583773e-01,5.909267255335691749e-01,-5.392097685423111741e-01
3.603381742856948122e-02,7.223915186982363679e-01,-9.449300423727008402e-02
1.747720041609399644e-01,3.176318732739461526e-01,1.167264512097873741e+00
3.891346771011857664e-01,3.289537599189831241e-01,5.443673174049608043e-01
9.521426972954207812e-01,1.969164272370371727e-02,1.431643213459833641e-01
3.000289194759295786e-01,4.087486009401830600e-02,3.506293303925438476e-01
1.604676438876010414e-01,2.578216943085364088e-01,9.269269391354746368e-01
8.863046660865598891e-01,7.402449976749566618e-01,-1.028285516780546249e+00
4.463944154832029110e-01,6.283138303739121966e-01,-2.760616065742099723e-01
9.078755943543260765e-01,7.697890206778347233e-01,-6.236602741624812651e-01
1.602304663201432611e-01,7.689194362148217277e-01,-1.192166190196978781e-01
6.611175115080994980e-01,8.565674676693012524e-01,-6.319041593086777153e-01
4.402637528294918168e-01,7.203192659868835612e-01,-1.767495470907248234e-01
7.648676903028539531e-02,9.790109190008228213e-01,4.311025115695683030e-01
6.964631446525005876e-01,8.988252193018173575e-01,-7.483543324801663621e-01
2.473987555391536919e-01,5.867171662232342211e-01,4.220727971090738051e-01
3.961552257951772571e-02,5.881576704911717357e-01,-2.460897928886087438e-01
5.994429824957325792e-02,3.426704035222949418e-02,1.981703353590871519e-01
6.107853706678734174e-02,9.985265777083542904e-01,1.228858616248975633e-01
9.077329574850394600e-01,1.315759973661417837e-01,4.050569575934170885e-02
7.398839178291010121e-01,7.403471966315919861e-01,-1.236119066011982515e+00
8.980623572137350630e-01,8.210151951243088719e-01,-7.383824585004046259e-01
6.725823112965213513e-01,3.730545293052032196e-01,-3.260732071031850476e-01
5.289399290308831603e-01,1.968520546653137471e-01,6.158194015834402846e-01
3.044463643473782621e-01,9.875988679055502928e-02,4.988654354953895309e-01
9.979622513286734442e-01,7.486060058295778141e-01,-5.365657644757720890e-01
3.621890589393893523e-01,4.526535292056956816e-01,3.982122002946294481e-01
4.706489492139095399e-01,7.137177590011356543e-01,-6.024549016129031598e-01
3.782451749234617688e-01,9.154076488518005927e-01,2.631558948726171465e-01
9.795269293354585960e-01,1.465837361510566872e-01,4.629260117312972711e-01
1.746583853950057774e-01,9.191710007237996471e-01,-1.057205158010907087e-02
3.279880009080796688e-01,4.116264595084366817e-01,7.844079835258307432e-01
6.803486660150015464e-01,3.052670098972890544e-01,1.928098526521971334e-01
6.320761833863064449e-02,9.430622606027790900e-01,1.823090196003674945e-01
6.072493740115409988e-01,9.906516926063994033e-01,-5.859903883623738263e-01
4.776465028764160792e-01,1.988922177674481429e-01,6.557438636579098201e-01
2.839999767621010918e-01,6.568383469519832873e-01,2.014895803212825576e-01
2.384132809240580020e-01,1.064953137710603626e-01,1.026127162205841437e+00
5.145127432987567362e-01,6.509140038575057519e-01,-4.468929671273706439e-01
3.679275805370413321e-01,8.273132277758497022e-01,-9.659050695479298732e-02
4.565198912626553529e-01,6.844985465240676081e-01,-4.427561381496308845e-02
3.374773817642399143e-01,4.173331420625957522e-01,8.524490929851777921e-01
9.704936935959775912e-01,3.830663595637695540e-01,2.782600222001114787e-01
1.334394317456040202e-01,3.931224152234170655e-01,5.812585134853542890e-01
9.680395317837420244e-02,5.897118179929231596e-01,2.257050894701768673e-01
3.433917287909160621e-01,8.815672700724955790e-01,5.095312854143385639e-02
5.910269008704912563e-01,9.290661572687678449e-01,-7.305610818735590595e-01
6.591764718500282560e-01,5.352962020731810711e-02,-2.828139169833807087e-01
3.972567471680420459e-01,1.816223946456883009e-01,9.785620581958376363e-01
9.992779939221710928e-01,1.122243158282885123e-01,2.907660062637529852e-01
3.518929961930425954e-01,1.933346407669139788e-01,5.782363101049889931e-01
7.214066679599524523e-01,3.466078106091717848e-01,-1.438120604109238698e-02
6.375826945307928595e-01,5.065316826226238245e-01,-1.033877776566916595e-01
8.130538632474606509e-01,6.294612270091521911e-01,-6.342455054189073405e-01
9.762256634538200029e-01,7.321422191397014556e-01,-5.009249344615323007e-01
8.897936564455402042e-01,8.901115413858070591e-01,-3.890137932223574624e-01
7.645619743577085625e-01,9.890884372297907845e-01,-3.440124272970030983e-01
6.982484778182905805e-01,6.628564785571198215e-01,-9.015196612643663343e-01
3.354981696758996268e-01,8.453645186677629653e-01,7.140888194115252441e-02
1.476855782067073575e-01,7.780388469246989347e-01,4.670700197203248027e-02
6.263600305980976390e-02,3.075320392187119722e-01,8.672785143896226678e-01
2.419017042014848240e-01,8.756922702349230203e-01,-1.177535043275785842e-01
4.322814811812986102e-01,4.276313794779884603e-02,5.039986923227045557e-01
5.219962736299824657e-01,3.673437514578603569e-04,-9.922744285915036100e-02
7.730835540548716134e-01,2.737326293884642103e-01,9.618030654437242921e-02
9.587409230565929752e-01,4.620975296274498767e-01,1.485593265493786175e-01
1.173204803848110211e-01,6.383628950006773328e-01,-2.216788935217639533e-02
1.070041401937915637e-01,1.017702665445447963e-01,4.048866430879230482e-01
5.896947230135507478e-01,6.730101338348399853e-01,-7.640175120134646836e-01
7.453980739472929606e-01,8.018158670596945425e-01,-1.227401694560962930e+00
8.481503803469848668e-01,1.853129195793667972e-01,1.649506845439974723e-01
9.358320802167885422e-01,4.151252548317938551e-01,3.302334571404059171e-01
9.834262422606420140e-01,5.199849899533097730e-01,6.255791474690115817e-02
3.998016922245258842e-01,4.518070180844806494e-01,3.773678586930785395e-01
3.803351835275731174e-01,7.998299308884706527e-01,-8.361300990055092752e-02
1.478086766972723787e-01,9.605223981193308225e-01,1.601895571030270693e-01
6.849344386835594101e-01,7.989531640081799502e-01,-9.107023534548506216e-01
6.567619584408370681e-01,7.799281787582457159e-02,-3.008580114799610516e-01
8.620625958512072584e-01,8.049355721591271440e-01,-7.086080364863081016e-01
9.725799478764063366e-02,6.659633223555116999e-02,3.456516170804125876e-01
4.977769078253417856e-01,2.359703852415699910e-01,7.834546796923445022e-01
5.810819296720630689e-01,1.530968968357228066e-01,2.634696729642765356e-01
2.415570400399184026e-01,1.975191068460854238e-01,7.136254523682250550e-01
1.690254061291612819e-01,5.283151270573506197e-01,5.465069332233740695e-02
8.595808364196214635e-01,6.716898576108536467e-01,-5.285530137071732248e-01
5.853492223555878393e-02,4.703212823360409800e-01,1.047774308264642074e-01
4.706209039180728748e-01,9.596956390292435968e-01,-1.459593317049924233e-01
1.158340013008852809e-01,2.402923200301666506e-01,6.567353388332937136e-01
4.570587613313673581e-01,7.631402302547929395e-01,-1.081626844980420610e-01
9.799623263423092867e-01,8.701821785071485182e-01,-3.356686089605296353e-01
4.237063534554728061e-01,5.620661107547191282e-01,4.315899107595394524e-02
8.571249175045673185e-01,4.562225019615531174e-01,-2.205570222005027170e-01
1.173155641831938878e-01,5.961844467792436486e-01,-5.731030482383994706e-02
2.712520767618641360e-01,4.288097701603429401e-01,7.803210126524341428e-01
4.037927406673345043e-01,5.551938823233694142e-01,6.598875003970516850e-02
3.998121400093307409e-01,4.169339521288015771e-01,3.631792189466115373e-01
6.713834786701531332e-01,4.004697102941340292e-01,-5.357002731564769471e-02
3.447181273755076658e-01,6.953464681395298275e-01,-1.324662517716781729e-01
7.137668684100163530e-01,9.285121306796795260e-02,-4.062588603264188913e-02
6.391868992253925130e-01,1.665420727288208225e-01,-1.569512890925078841e-03
3.991611452547730865e-01,8.511984717150039570e-01,-1.013005794928230063e-01
4.317601276543192590e-01,7.710773468151880250e-01,-1.152685067161394739e-01
6.145276998103207378e-01,2.814537272943937740e-01,1.294527484670763284e-01
7.004219014464463378e-02,3.772689326657602260e-01,8.412195822324932681e-01
8.224067383556903366e-01,9.260265066284805169e-01,-4.974425803391787082e-01
6.534211611136369058e-01,8.180772251738612777e-01,-6.698261697361090894e-01
7.263424644178352318e-01,6.143462999796308610e-01,-5.512467485133978329e-01
5.369230010823904387e-01,2.214901788029577379e-01,3.103503855079914331e-01
1.104771109917447314e-01,4.425197131526958927e-02,5.051509620022225366e-01
4.050356132969499257e-01,4.312578468418981625e-01,6.064116718983867393e-01
4.053735828485560688e-01,6.726271392574618702e-01,-5.792426783050413919e-02
3.210429900432169026e-01,8.284804905178515533e-01,2.823376949809072167e-01
2.995032490474935916e-02,8.526890057422693570e-01,-4.329389920509636447e-01
7.372542425964773161e-01,3.277590129336338531e-02,-5.213383242302671583e-01
1.097844580625007005e-01,2.441570338368793669e-01,1.068655681864244311e+00
6.063081330450851292e-01,3.390945884774030361e-01,2.935742556390993907e-01
7.032174964672157635e-01,1.887322109593858599e-01,-1.931331508618638892e-01
6.347863229336947466e-01,8.029753783638378106e-01,-8.051399575783206863e-01
9.591422519779749800e-01,7.674657630849425205e-01,-4.764871898317192822e-01
1.032981550851386210e-01,5.168330403809707763e-01,1.612493370995848607e-01
8.671671591051991479e-01,9.829264779958555298e-01,-4.634243546683390336e-01
2.919023484891325460e-02,1.440585410908422626e-01,5.296863519665190312e-01
5.349168549270839623e-01,8.996517033276688613e-01,-4.233287072376009652e-01
4.042436179392587814e-01,1.164632541619161632e-01,7.689194186294240341e-01
5.241838603937581942e-01,1.631817055141207007e-01,5.531462073808818269e-02
3.650998770600097920e-01,6.962192002506187860e-01,-1.360965390588991242e-01
1.905669149400680551e-01,1.095696920416893150e-01,6.857589642731712898e-01
1.912289744868977959e-02,5.658450954187108639e-01,-7.557738335731029045e-02
5.181498137911743074e-01,4.202335364726536016e-01,3.489129030902415329e-01
8.427768626848423095e-01,7.284739655410148451e-01,-1.167172104067983662e+00
3.732159557447941589e-01,9.006752388088651307e-01,-1.398437125939459014e-01
2.228638180149802306e-01,7.698715146690553457e-01,9.569108034432882715e-02
8.053200347184408248e-02,8.496898764211883170e-01,-1.969883940650876686e-02
8.531092311870336342e-02,3.294544853123237971e-02,4.110456459818261354e-01
2.213964462927722199e-01,3.101954982442031161e-01,1.246290572034948863e+00
1.000140609215551812e-01,5.154330866863323646e-01,2.451967313101191537e-01
2.650396983644820459e-01,4.159533146297794692e-01,5.314829295882839144e-01
6.614946211695471590e-02,2.312549529796884551e-01,8.101935729911216022e-01
6.560486720992564358e-02,3.078740979600232963e-01,7.288670779438644054e-01
8.562761796227819078e-01,9.454309703916057295e-01,-5.064491081020164875e-01
1.621202607088332304e-01,2.941808798713515527e-01,9.340661368683904620e-01
5.596824058234479704e-01,3.539041101797857358e-01,4.775014654434761585e-01
7.734555444490305298e-01,3.709773750018685590e-03,-7.054325531770810898e-01
4.564095653390666252e-01,8.450776272778744991e-01,-5.342470934235084012e-01
1.533688778593457203e-01,1.548407034015766293e-01,6.163674137121912810e-01
1.995961421201143393e-01,2.041442755137260479e-01,8.015186700434794309e-01
4.329842062811807279e-01,2.552645170920255779e-01,7.598641009059999840e-01
5.282340891785357595e-01,8.846220568448426302e-01,-3.523259853430033561e-01
3.494402920485348840e-01,2.064514112463147200e-01,7.264996540338553022e-01
7.814796002346613424e-01,7.975263608679399319e-01,-9.745882595547097349e-01
7.510216488563984383e-01,8.080493403229045413e-01,-9.778617891873453427e-01
9.272118073731179244e-01,9.270205687863958266e-01,-4.702369975895928089e-01
2.895254902696053900e-02,1.155613136003139640e-01,6.045600843093654753e-01
8.956912912102034108e-01,2.172789723378313331e-01,1.677513458901061516e-01
3.925687884621510415e-01,7.428982920807213342e-01,-3.203037505774791738e-02
8.783724953799940671e-01,1.960007542807390424e-01,-7.459804174629397489e-02
6.907847761565295563e-01,2.863295468734490257e-01,4.042043120651467314e-02
9.873487570739681862e-01,1.667415801113626417e-01,5.878899842861677882e-01
7.592824517166680831e-01,1.726966861550492949e-01,-2.503482719681447422e-01
3.645446259967866087e-01,4.815533546282056987e-01,4.127755538149870951e-01
5.010631728347521019e-01,1.096830621129585293e-01,3.800517298074888028e-01
3.763891551943512326e-01,3.216976184636222147e-01,6.114358365439023224e-01
3.649118360212381118e-01,4.265939095988789953e-01,7.518203098069160539e-01
2.609044993810597513e-01,2.454811652397759225e-02,3.230393950975795625e-01
4.959702953734695940e-01,3.883331664744525957e-01,6.032368874576796713e-01
6.817399450693611973e-01,9.412243608551695839e-02,-1.950237323687436519e-01
2.773402713052435242e-01,4.935785311461766689e-01,4.144827076449113523e-01
5.243798110772199816e-01,8.257381885570963531e-01,-7.506536761672892855e-01
1.173802941705571756e-01,8.184221621817872050e-01,-1.587158180872891289e-01
1.598452868541913041e-01,8.044851553740051120e-02,7.598963862498276933e-01
4.680635471218874688e-02,6.012277576745201912e-01,-3.953759985942971733e-01
9.707314427706328352e-01,8.345863819712364684e-01,-6.387020431876592186e-01
3.860351510261095243e-03,2.379725429346353227e-01,7.123099575896647551e-01
1.785799680576563020e-01,7.619265114495991087e-01,3.960790095423299961e-02
6.128667531169923466e-01,8.907643464500932806e-01,-8.186336053485665509e-01
8.136959885330530273e-02,8.061241514404441366e-01,-4.280481109296702114e-01
8.818965030968323182e-01,1.073010315155045191e-01,2.169181384642487886e-01
7.196201578422881662e-01,9.059999522384898363e-03,-5.902590321479960211e-01
9.663899714378934025e-01,1.917241099218456313e-01,1.697490003691811133e-01
5.076355472407648728e-01,2.704773409466232348e-01,7.718670016463944350e-01
3.004036831584872003e-01,6.161829906159594916e-01,2.721538613207150070e-02
5.495005727952714247e-01,3.842731752423184099e-01,-4.580614872952512573e-02
9.308187172979731638e-01,7.034070306614734758e-01,-7.122315933622100914e-01
5.207614372418605253e-01,3.530749605216085829e-01,2.943231009414984389e-01
2.672070318623186447e-01,1.544254246546002962e-01,1.165685107198032755e+00
8.773987891741196199e-01,3.126898434860351239e-01,-1.059504960545049612e-01
3.719187485124613168e-01,8.843242263891349930e-01,-2.172320666254523025e-01
1.383349998999139352e-03,9.585323442450648379e-01,-3.686724438591464370e-01
2.476850224923159427e-01,2.075127340673684762e-01,1.224808852016215255e+00
3.182335091770623903e-01,7.884683870244413306e-01,-6.109573892146152874e-02
8.587774682319021524e-01,2.733487365398706848e-01,-1.027003718435819390e-01
4.585031670664450054e-01,8.871315434314075432e-01,-1.404112140362506478e-01
4.445872878113007465e-01,1.655456127962554591e-01,6.244033510809681164e-01
3.361022663998873838e-01,6.659599186940569071e-01,-1.842562696668237354e-01
8.806781230470795974e-01,8.421126471318252094e-02,-2.650981092741183653e-02
9.450267769403913887e-01,9.738933239738695180e-01,-3.468003030905116302e-01
9.918903291546293799e-01,7.006333446405428322e-01,-6.585831442293264004e-01
3.767412669609867537e-01,8.418157394050852504e-01,-6.317547965719916281e-02
9.661474456271713640e-01,5.666693393630345410e-01,-4.339372603676177054e-01
7.918795696309013366e-01,4.768013639288601890e-01,-5.768825519580319527e-01
6.756891476442667965e-01,6.218823913943650750e-01,-5.652089563259869998e-01
2.448894794200994207e-01,5.287415116994480524e-01,2.033956581909241446e-01
2.164572609442098061e-01,4.693843551451529761e-01,4.528803837419031475e-01
1.660478245212456683e-01,7.594502514576427776e-01,-1.353984477333315117e-01
9.227566102253653701e-01,1.782009549392681302e-01,8.090907012764636530e-02
2.940766623831660986e-01,1.711720481551585182e-01,7.472897346471523150e-01
4.530942454488784410e-01,4.318426506497061723e-01,5.155600317042423608e-01
4.939578339872234825e-01,3.207479160449460132e-01,3.677952634651473485e-01
7.781715954502541610e-01,7.412451791302410165e-02,-5.001385582215764902e-01
8.442349615530241325e-01,8.444704924187343975e-01,-8.048223608095402826e-01
1.390727011486128095e-01,7.716028066943497743e-01,-3.367148573009064449e-01
4.269043602110736968e-01,5.439214998029847647e-01,-7.845420439106520760e-05
8.428548878354571450e-01,9.793245372643689661e-01,-2.529658142316539293e-01
8.180333057558384358e-01,7.260006654760531308e-02,-3.132610480448327905e-01
1.024137584524164035e-01,7.666693010278750053e-01,-1.177612925696966406e-01
1.563833488679630124e-01,2.663703916090968127e-01,9.221001042029428607e-01
3.041986915994078222e-01,3.685989199435754093e-01,6.214053291961021408e-01
7.535906908334033538e-02,2.192793852030675561e-01,8.081559128212788545e-01
4.246630028405928847e-01,7.890378914618652040e-01,-4.347535157600085354e-02
1.076177051495819104e-01,1.442401020215660079e-01,4.624471376231437114e-01
5.682175936698450336e-01,8.400166977352779840e-01,-4.777375354462867207e-01
2.465569398111561172e-01,6.615776482298338923e-01,1.892108608866649999e-01
5.964330653496227042e-01,5.902324526911473246e-02,1.164482413777738479e-01
1.175256429036376504e-01,8.109817316001534104e-01,-3.647230398100162474e-01
9.758838684185333623e-01,6.277557161629794269e-01,-5.516779956513611083e-01
9.325612038573404261e-01,9.049823195783415208e-01,-3.700946564527893279e-01
3.917969385646657976e-01,7.487223064086382385e-01,-4.724310661818496015e-01
2.421785941260854447e-01,5.611209274297748184e-01,4.525098714545147116e-01
2.503982128535727769e-01,8.365471806191977500e-01,2.869091176493076545e-01
4.833935352023920329e-01,2.780502383012221079e-01,5.163130848001453721e-01
3.999280190071696772e-02,5.469500618445636286e-01,-6.044699969569550246e-02
6.397051060751269835e-01,2.936168198034101451e-01,-3.624303040763576789e-02
4.083029083397448078e-01,9.682043910905087092e-01,-1.237949327534585975e-01
3.774065725888873235e-01,2.261963008420063703e-01,6.543673662637704558e-01
8.093649714891983926e-01,1.573823967046250605e-02,-1.283378806263417160e-01
7.090354601832900006e-01,3.258548420037962190e-01,1.811201532045167428e-01
9.543338153926920198e-01,5.025093969698046781e-01,-2.894844984226608853e-01
3.519362404956907220e-01,2.836293423007507641e-02,7.677864316073950146e-01
8.975427646494055223e-01,5.592483000339073529e-01,-5.613396270704807955e-01
7.699671862500888642e-01,8.742827749512301905e-01,-9.726621042075901391e-01
3.574246515947130387e-01,7.047321944166701213e-01,-2.978636930417088435e-01
6.216654364532577803e-01,6.229683229783042897e-01,-4.541136109723789560e-01
2.885699576516955744e-01,9.559617507082512899e-01,6.409932130484941037e-01
8.743999170748423255e-01,9.582793338421058404e-01,-5.880104600268946102e-01
1.124273172123112507e-01,8.242664697032285881e-01,6.388679500668459355e-05
2.124343612940410297e-01,6.077418473858510195e-01,7.410489887439139500e-02
1.830332920799211394e-01,4.877645594977066956e-01,2.577838859641117253e-01
4.030260024042886524e-01,1.331611324646730932e-02,2.635494747241844404e-01
7.452329600321291325e-01,6.062619062265414138e-01,-7.784101049936209549e-01
5.269074490521803433e-01,9.890880753568537243e-01,-3.445740404575823868e-01
4.876763235382075568e-01,8.181010500240289973e-01,-2.252803871369122857e-01
5.459648969956543141e-04,3.406046438843519653e-01,4.212761577270062174e-01
4.254017253550547162e-01,1.520470250444220239e-01,4.747547324543087699e-01
6.355377483615842760e-02,7.840586144671540803e-01,-2.385432100611032391e-01
2.082532521214838228e-01,7.439378206317415199e-01,1.592159855842456007e-01
9.323939389604943839e-01,9.670467919793230838e-01,-4.122736514998868174e-01
2.153982043432381976e-01,8.748423619393388417e-01,2.552121434746245643e-01
8.583376386342624897e-01,5.556626252724073955e-01,-6.031750775419285615e-01
8.028933715613342237e-01,1.012842469647421417e-01,1.029368351607006793e-01
1.591462369422428358e-01,4.835006583839600580e-01,6.350261811888003871e-01
6.057119572702788224e-01,3.136950540223170103e-01,6.608278421006050229e-02
1.156618719050133137e-01,5.124084820248397953e-01,3.918658731891677682e-03
7.278881583695114843e-01,3.017015746396531917e-01,7.317897517918164896e-02
6.374622773722066205e-01,8.618229919755957535e-01,-9.429835505853267907e-01
8.119385616910193004e-01,8.443270139828221721e-01,-1.104209336429539556e+00
4.793845493891880638e-01,3.154651571670559207e-01,7.819452511811633144e-01
9.148630878333828820e-01,5.995813463739949611e-01,-2.477490155909747860e-01
4.934894678843970706e-02,4.301808576390541150e-01,2.268706673472166702e-01
2.928885650270146579e-01,9.090927570285631809e-01,9.270076541213045918e-02
7.150525974651670280e-01,1.873609014263227790e-01,-2.272286761128557986e-01
4.181092117480008641e-01,6.977284017849593178e-01,-2.525986983362902283e-01
1.729513542711563767e-01,9.703753278372165836e-01,5.695186478997305013e-01
1.072107454285460282e-01,1.752755195630901763e-01,8.787107457861427218e-01
8.173391114616214148e-01,2.019664284242032037e-01,2.292904643221722050e-01
4.731429784656442372e-01,6.937233386722279072e-01,-5.480037211293264932e-01
8.822836719191073929e-01,7.791539245249139434e-01,-6.903697166857606371e-01
7.332891343167260434e-01,4.905490547939327373e-01,-2.164568635791236373e-01
4.097262056307435785e-01,6.096864651471213259e-01,-1.804635041010412555e-01
3.735110141556836627e-01,2.126824088118287603e-01,9.575561085126051974e-01
5.156383466512517444e-01,4.766142285673260481e-01,-3.545136862220617247e-02
8.890599531897286356e-01,1.120718808749151529e-01,-1.231458260269996385e-01
7.372785797141678810e-01,3.214219252756647105e-01,2.338639667048890147e-01
5.152964269023230237e-03,2.847797050309542888e-01,4.134745099112518973e-01
6.941578513691255559e-01,4.446253601024200419e-01,-5.343519247417576334e-01
9.195074069058206678e-01,9.301263622436969358e-01,-5.216086451614099229e-01
7.104557595044915796e-01,1.812676621478424011e-01,-6.194388226839592226e-02
1.770057815674959123e-01,4.013882466247205016e-01,8.900081758805578058e-01
4.835181274274586993e-01,6.155972191096447110e-01,-1.042558494451922835e-02
1.403160179234194116e-01,9.465570860740016856e-01,4.113644929682075957e-01
3.589952783396320735e-01,1.331481915357681789e-01,1.017008668149220751e+00
9.371170419405177032e-01,9.178766169931135144e-01,-4.541174976331774360e-01
9.233053075587083214e-01,8.105378863406154100e-02,1.436365152396708311e-01
2.828368521760828980e-01,4.807413971602644276e-01,4.351806032405985958e-01
3.396310441661991586e-01,4.545898672304827803e-01,3.052685727294988105e-01
6.002128681312939307e-01,2.096027288771955543e-01,1.088304172992874130e-01
9.631972952603800042e-01,3.474596681158474976e-01,4.133053616324846025e-01
1.478013340653904217e-01,4.541652683483980990e-01,4.071951619261005018e-01
2.569166436866691106e-01,8.652114629106292254e-01,3.417555758467279436e-01
8.735568272907714427e-01,9.550641453735597697e-01,-3.215830498841265039e-01
4.918922317083445073e-01,5.189256786371652108e-01,-2.174309286703594579e-01
8.989610922270316884e-01,8.700997902944218598e-01,-7.622944146719087266e-01
1.855178975231762672e-01,6.081715856767794248e-01,3.404374914568984445e-01
5.326685874713606994e-01,3.490873419876754369e-01,1.506375890144275864e-01
3.262696326493723653e-01,1.941942076134690609e-01,8.122164289658396763e-01
3.165425598924760386e-01,4.131347717827648092e-01,6.223182119022434566e-01
4.468769639461991350e-01,5.228242829238477496e-01,2.729754067505789639e-01
4.330774491012684413e-01,4.444338825955618244e-02,6.413609067805597919e-02
3.573468796779544210e-01,1.458411658708507197e-01,5.314796299202617647e-01
9.149707703156185756e-01,6.001844239814400073e-01,-5.018899757595188804e-01
7.317441854328927686e-01,2.250015946771620756e-01,-6.460216622279488230e-02
7.275469913315296688e-01,8.373263760812974521e-01,-8.419062446528036148e-01
2.899134495919554189e-01,3.269422497741906186e-01,7.869359127716624158e-01
5.777094243168403587e-01,1.048342072532508773e-01,3.172452555845737265e-01
7.791794333018340346e-01,8.353058855531703131e-02,-8.451853092636035791e-02
7.955903685432130779e-01,9.371230205317796491e-01,-9.314137079330599978e-01
3.445304607543122621e-01,1.180203112418791722e-01,9.224243641843528074e-01
7.708727565686478433e-01,1.409097641620600250e-01,1.731153179973942691e-01
7.358938968077329834e-01,8.626660579327529721e-01,-6.124400055458258940e-01
1.415064856219002687e-01,2.542881302773439822e-01,1.029364902016752570e+00
8.659454685664772500e-01,6.659514107544161066e-01,-1.030813208503992051e+00
4.413214701804107909e-01,8.167256870298913451e-01,-2.308552322004838731e-01
4.864104488886654698e-01,6.071806401301921285e-01,-3.986570812803393871e-01
4.483691788979973225e-01,9.574885434478493940e-01,3.095294457186100745e-01
5.678460014775075226e-01,7.088828992608413593e-01,-5.596628357635530238e-01
6.211692473670546999e-01,1.127515099036583424e-01,4.684178883349315869e-02
4.981795657629434215e-01,5.584100265458799006e-01,-5.663712605443915749e-02
8.667885432590956007e-01,7.181865260891838743e-01,-8.985728427532913010e-01
6.277347561952844046e-01,8.019572403734451793e-01,-9.095261975505890550e-01
4.014279493055199488e-01,2.632133528409152934e-02,6.340457952444498169e-01
4.166917569087109641e-01,7.188789152714244457e-01,-3.413834759864552426e-01
8.108386151289513899e-01,8.256808210194495068e-01,-1.183578424350110403e+00
3.481919427465201000e-01,7.468338109353565013e-01,-1.515759215739541921e-01
2.114547957824135516e-01,5.123491456555980816e-01,6.208550822305671790e-01
5.938318800578923362e-02,4.580209630888029126e-01,4.016973929285491685e-01
8.760268479205741698e-01,5.494185832998158547e-01,-2.267327945121591637e-01
9.185464511903499440e-01,7.046436988266020496e-01,-9.609805833364633010e-01
1.201201821634759748e-01,9.229142906324854234e-01,3.566626024109007531e-01
3.344737414961148625e-01,6.170352106411249871e-01,1.709493892530650205e-02
1.753720695152438669e-01,8.878343062834695987e-01,1.065095719632160876e-01
1.158984688258797302e-01,7.012568474457273604e-01,-1.868763462444204548e-01
8.998667430000302225e-01,6.833637743884757310e-02,-3.162107492480674686e-01
5.687725914535546323e-02,5.008281900016218202e-01,2.098202227187906388e-02
9.804856634690067851e-01,2.864863483152423340e-01,5.711288366479996270e-01
9.645086069738417756e-02,2.851749281325722807e-01,4.864425336102386477e-01
8.634706491935857375e-01,3.559275512159841837e-01,-2.045980399136018701e-01
5.665061069891627055e-01,3.147327720004757801e-01,-2.857123249869636394e-02
3.679174878178733676e-01,5.786099801171001866e-01,3.463234269790250730e-01
3.423423766251578737e-01,6.836015003535570456e-01,3.145549780075368451e-02
7.573641432377087312e-01,2.687493870767354576e-01,-2.009732087915984122e-01
3.145732950042872123e-01,1.297626225683813361e-01,9.846447989201898565e-01
6.573189166171418130e-01,5.880872093446209981e-02,4.306673358039578292e-02
5.173260835160801152e-01,5.757528450305522405e-01,-2.268787388505455471e-02
4.849656451580705019e-01,1.861301663330023892e-01,7.603659482322062679e-01
9.011621706491615980e-01,9.247994223699373961e-03,-5.572078286687973669e-01
5.546450586202595900e-01,9.277530793237040996e-01,-3.341665983421610031e-01
8.268616030486949375e-01,5.371404190832406167e-01,-7.044621005806481762e-01
7.255735341014893924e-01,9.244818024697276648e-02,-1.809591719273087596e-01
3.855724605899835122e-02,8.429211121274853280e-01,-4.064079607070721911e-01
7.731100525054191985e-01,9.832027382901180612e-01,-7.552104679272914067e-01
2.168702500910406616e-01,4.486006620177172000e-01,6.145860678809060840e-01
9.031496468515715081e-01,4.248960823815817189e-02,-1.568676212930381897e-01
4.292419060883201354e-02,1.175459407560635050e-01,7.636937526378280161e-01
3.330720344743187677e-01,3.816537466454321681e-01,4.973231573897818336e-01
9.973294723475401025e-02,8.855226374488770480e-01,-1.555159439381125219e-01
4.755891170848437488e-01,1.480386792777620419e-01,6.883811627461426941e-01
8.200224358697517646e-01,8.239900940026955167e-01,-8.035008772482730155e-01
2.981873596630640888e-01,1.497626021901943272e-02,7.202468261318935028e-01
1.509348973110415937e-01,4.573886987858110098e-01,6.346761867392276546e-01
3.302670356968991916e-01,6.443971409505681036e-01,1.995564904470851220e-01
8.138801419206359578e-01,6.037948202559639821e-02,-2.793399019939239447e-01
1.403839577993468701e-01,6.147627506164866640e-01,-1.211454760615426340e-01
2.273624490775018048e-01,9.444041214695561015e-01,5.098239680970806376e-01
6.885196449337394053e-02,1.602599201365950687e-01,6.729140609283268404e-01
7.057100439896076827e-01,7.296113830353527785e-01,-1.192964138668705099e+00
3.952332435363368202e-01,6.090938979435434053e-01,1.722971272478642790e-01
3.108399771433160153e-01,1.851163888792305423e-01,1.198084293551092028e+00
7.186263903411519438e-01,6.203414709366028568e-03,-5.631347412045447642e-01
3.359775423402552308e-01,9.284450505927077657e-03,3.340583910720780203e-01
7.277712732144180352e-01,5.320924091720286020e-01,-8.462055201396490034e-01
8.151993953143135130e-01,9.427794095611935488e-01,-5.358494615618916157e-01
2.176628434577384530e-01,6.442986274656123946e-01,3.713686851519222287e-01
9.738186968459833226e-01,7.142998462937436566e-01,-7.877587463798617629e-01
1.623579479126667779e-01,4.938654869205371112e-01,4.364498854616188916e-01
2.908409066567425594e-01,5.818889426345698057e-01,-3.489257167228310141e-03
1.797952908335416211e-01,1.263675253306034696e-01,5.291834496053562376e-01
3.455056563563344563e-01,8.768206204006308013e-01,1.618599803181856589e-01
4.800608878207556218e-01,7.607926286668018623e-01,-2.157616797131786668e-01
5.221758690021190974e-01,9.981989528446095772e-01,-1.725580558617925142e-01
8.536060422962720162e-01,2.977229475556213423e-01,3.054028042452959224e-01
8.894479088158665503e-01,2.270177717960578656e-01,-5.501853186206692725e-02
2.201038607809063796e-01,1.251616579613429314e-01,6.878933921064505075e-01
6.228940321857524554e-01,9.642097566160447997e-01,-2.193733546732690720e-01
1.114960572987155896e-01,7.808851846280235875e-01,-1.631897335592532028e-01
4.589698601820683121e-01,1.663246137196386920e-01,6.248667600888436757e-01
3.223335380466181288e-01,5.526864711082138948e-01,9.541720443322410095e-03
3.165007454536064024e-01,4.137682080672767659e-01,4.918623821367972271e-01
4.825842417121010142e-01,1.514860078061928128e-01,1.953134410232348905e-01
7.298276355292675488e-01,1.620729850299654773e-01,1.726288650651732204e-01
6.918265879238949534e-02,9.634699947451856872e-01,-1.223169475056748723e-01
8.791733376874044659e-01,3.049641829577222074e-01,3.361200987690995401e-01
7.348137746305610785e-01,9.414392916839432468e-01,-7.669554308666067799e-01
1.764993888890601381e-01,7.561067306508439945e-02,8.566834248213697212e-01
9.391609090873703769e-01,4.608030422931905790e-01,-1.455847466121207301e-01
5.063122240233886018e-01,1.296190485167600936e-01,2.044491938661216479e-01
9.998085781169653297e-01,4.787385241172170680e-03,-2.293672023713928532e-01
1.972594743007376472e-01,5.537660737060765559e-01,1.755047427587287656e-01
5.349081983832013609e-01,1.138941048113634169e-01,2.021395662803246451e-01
2.902480425599284208e-01,7.220245309336796868e-01,1.823068307830675860e-01
3.041735573892465627e-01,6.981163757068995501e-01,-3.084387273373517813e-02
5.910653808339901838e-01,1.763329074644891525e-01,4.595166917015216512e-01
9.217190668708332701e-01,9.417421432655166402e-01,-3.901130699544036462e-01
8.052638555791750141e-01,7.210434084324895965e-01,-1.246938866828617432e+00
7.239413985013258834e-01,2.979702641569299537e-01,-6.663260367129164585e-02
5.591737821017022103e-01,7.092337639507906299e-01,-5.519943010979495579e-01
9.222985036674477000e-01,7.319302776815359568e-01,-8.907300601378946858e-01
4.923614066908841291e-01,3.422263312509605804e-01,5.615411954018214580e-01
8.738321783347181571e-01,3.755885624614592189e-01,-1.676194898286575974e-03
8.339816438766317619e-01,3.591065076533000999e-01,-3.295082999354885800e-01
2.138353468015865566e-01,6.166184435520740692e-01,3.173062327468536004e-01
7.712254629659102134e-01,9.004101465401793680e-01,-7.521851294289456646e-01
1.217115694325876518e-02,1.731932362285876215e-01,2.305933688506359713e-01
3.228295375480875196e-01,8.751996098363183929e-01,8.057609768186102528e-02
2.295674446919497846e-01,2.765315650534250214e-02,4.546994318310759176e-01
5.068629584873134419e-01,6.603385959782224202e-01,-2.164779955727920702e-01
7.368531616807855178e-01,4.144388731896941902e-01,-3.713024156693024436e-01
9.767636744772412172e-02,7.912815522324937456e-01,6.969337101257244704e-02
5.149222019367684089e-01,7.211981129309029681e-01,-5.109661785049612881e-01
9.384120216943856452e-01,4.801078071451839735e-01,-2.321926761799215644e-01
2.286465509829455067e-01,6.438640367225967331e-01,2.907533564042052987e-01
6.771411441114241203e-01,5.017731306999452245e-01,-3.356467808593129876e-01
