3.850601602828995773e-01,9.947791667327257059e-01,1.781950730626652435e-02
9.279739897672683036e-01,9.762898725561509616e-01,-2.374710385489563480e-01
2.135039649897626512e-01,7.121926160921188131e-02,5.027566414757164148e-01
7.029007950639221125e-02,2.784637631696865734e-01,4.234030649935845991e-01
7.629837996466113381e-01,9.550316424664118120e-01,-5.419089100933589531e-01
6.591059107982691900e-01,5.257263363906081732e-01,-2.104254548635033362e-01
6.911997526749772414e-01,6.108340809347696521e-01,-9.186942760562401000e-01
9.116972134996784716e-01,8.391808519494123875e-01,-6.400509413522653679e-01
5.924641984732521571e-01,9.680893843882110161e-01,-4.363565341801778907e-01
8.641280774544131127e-01,2.465382870171819452e-01,3.213433797161812100e-01
2.284849510437270137e-02,4.701980821379991848e-01,2.950818428243382474e-01
3.384446659360391685e-01,6.708148740385291298e-01,-1.256856911287027312e-01
4.886051541128755282e-02,1.915221552043420150e-01,7.835615403403204393e-01
2.793084037319264468e-01,8.219446140991604199e-02,4.844662027915264124e-01
2.984677460759670442e-01,6.446780505585605336e-01,8.637362705504658678e-02
7.004035902649525802e-01,4.495275939462473058e-01,-2.844082361269190673e-01
3.081075807627520202e-01,3.940766852053289027e-01,6.774451531344696242e-01
8.359386263653321159e-01,8.004729410112786381e-01,-7.791717954864489926e-01
1.956325722693326163e-01,3.643565499667027474e-01,6.744428766951193754e-01
4.303871961115953715e-01,9.591009367451051038e-01,1.944501083385277440e-01
4.101816780190530309e-01,2.795912935073919803e-01,7.950546732646248671e-01
4.131516560601632415e-01,4.441056673199839100e-02,4.273764765280903544e-01
3.668389078764179301e-01,2.120333974071739735e-01,7.458993258872250731e-01
1.099215954753152147e-01,5.467490921959983208e-02,5.089429973339465452e-01
4.161414032829282572e-01,6.750041892189220238e-01,-2.970319614436975897e-01
2.190574151654726132e-01,9.865004808306108153e-01,7.453375989067065888e-01
7.959413680359203047e-01,2.394314004333488732e-01,-1.182811009591574480e-01
7.086259025656771460e-01,6.053500581839430517e-01,-8.442226683546453225e-01
7.504579574269872877e-01,4.516749378026485573e-02,-5.693891599897682454e-01
8.792327583451340356e-01,1.003833487365590749e-02,-5.934659975279885646e-01
9.062348174692274050e-01,7.184760439778958840e-02,-2.727375777161326620e-01
8.381760256756010108e-01,2.021852122318119616e-01,1.806244821096111841e-01
2.849176597272394806e-01,5.064825502254181044e-01,4.241849555857905019e-01
4.229513973419113393e-01,2.173870290794304161e-01,6.254926192247389771e-01
1.343841856498722009e-01,2.489821376957618293e-01,1.160703144625643279e+00
5.488266259892903287e-01,9.538767547090398757e-01,-3.707273786752183775e-01
1.796702357882864476e-01,9.267983576538664225e-01,4.983823932918390320e-01
1.669348092739081357e-01,3.209564647145202176e-02,3.620767699057192424e-01
2.871327684346440812e-01,5.002287858643029717e-01,3.399340297498364416e-01
1.881978619154033305e-01,5.834247386990365491e-02,3.951148885937000310e-01
7.056023742316656078e-01,5.686104206253552729e-01,-9.700687110593759765e-01
1.185492670557076744e-01,7.788211237403998011e-01,-2.610735895123256212e-01
7.902271292224978261e-01,5.750966547208723467e-01,-7.932669164640482329e-01
1.274982348484593464e-01,9.267963076145848689e-01,2.706723039827145239e-01
2.143897624006231295e-01,4.044097690814476564e-01,6.398838275081906168e-01
5.133416886663665357e-01,5.812830728660040025e-01,-1.723488569558242478e-01
6.664033949501668719e-02,1.161201818614349124e-01,5.503790688180286717e-01
5.964809109980153679e-01,4.900134451968564120e-01,-2.935927632555215827e-01
2.637004486379878054e-01,9.142659400531875091e-01,4.849779612137328222e-01
7.217693899651789202e-01,5.564939792937471097e-01,-4.511340655718457104e-01
5.204857006183879475e-01,8.939806147918905044e-01,-5.238179714255288832e-01
1.203549176979673563e-01,8.424604020500524593e-01,-3.196721622898288095e-01
1.494624020340084014e-01,4.915216810735709707e-01,2.457926921101625806e-01
8.826665195744469727e-01,9.412596991553352499e-01,-7.932021891830746130e-01
3.126066554667624731e-01,4.253304046419281725e-02,5.513122790282328767e-01
2.035489890173615146e-01,3.602722065856823752e-01,7.860856962225882816e-01
3.604684300503060435e-01,8.697964330301352076e-01,-1.698424319885684097e-01
2.474462625212414668e-02,5.492815821485749206e-01,1.728361096888035853e-01
4.711607047534610571e-01,4.895794557822240600e-01,-9.531805536939055856e-02
6.373502398574426575e-01,8.775413460173087099e-02,8.582583926739301150e-02
6.168519705472869097e-01,9.172314124792952938e-01,-4.998892479785327914e-01
6.048116028079248974e-01,2.827282835728184285e-01,4.644337569489362938e-01
6.345763404965670818e-01,1.475672979006581453e-01,-1.073757706446481774e-01
9.292038541362638293e-01,5.797682325941067027e-01,-2.685531504877510800e-01
7.937607379632650728e-01,2.737381209121977355e-01,-4.118213240322449176e-02
8.086340291144328285e-01,9.587910627054964108e-01,-6.604858909892372676e-01
8.631184981334496520e-01,2.874728786972059469e-01,3.073912630751328701e-01
2.894227949097282204e-01,1.315414535093843984e-01,1.041708841817800657e+00
8.173188155561145196e-01,7.784033518394128937e-01,-6.754629132403633385e-01
5.028324371262260506e-02,5.202624849599053469e-01,3.347932579941492737e-01
8.490942400582931482e-01,5.518223424191531779e-01,-5.689774767923631016e-01
5.316295626821162523e-01,7.703531685863550527e-01,-6.811132483241986169e-01
2.267617275018174450e-02,5.132905930479825241e-02,3.081994093730195949e-01
1.080783737866315430e-01,6.526467648495722917e-01,-2.386260226487856295e-01
7.869427851873506130e-01,9.712971729756669781e-02,1.436265247978274484e-02
5.699693716932902054e-01,1.351209968476446699e-01,1.508755388349921345e-01
3.970901343164207065e-01,5.951416586336721881e-01,-6.597707412170830676e-02
2.272465613346219548e-01,4.890639203392028733e-01,4.955983024109318347e-01
4.267493460112079529e-01,3.379831415317747778e-01,7.175590809577666596e-01
2.707323552292434377e-01,5.995718743718048138e-02,8.303252834357006673e-01
1.804312305483188883e-01,9.596952182910596374e-01,5.507149814209588712e-02
9.334217062636869233e-01,8.121290591432932526e-01,-6.445077261265508284e-01
5.783530110718849704e-01,2.177836414091390838e-01,3.598510333773723424e-01
2.868307001135376177e-01,2.051684249322013320e-01,7.459868186205178553e-01
6.340053276919584979e-01,5.715918615819907123e-01,-5.581230710708776632e-01
4.265046317727710923e-01,1.893049545425562474e-02,1.441753046193370025e-01
8.686476091141491773e-01,9.882016981923112953e-01,-3.895811393116324073e-01
3.767398765540690420e-01,7.302354974016906919e-01,-1.191002856191585302e-01
6.382830910243892930e-01,9.102879112748691881e-01,-3.604727962779709638e-01
8.554268849842977529e-01,4.395814474941398542e-01,-7.208302025291993265e-02
2.042497657514527054e-01,5.355071092060588178e-01,2.276021282147170921e-01
7.331389996877306636e-01,2.631243956060261846e-01,2.344062075162718362e-01
3.212707670163376106e-01,1.677245475445385825e-01,1.088962492741359700e+00
5.050201316528853956e-01,4.115372791859108759e-01,6.046579846631644495e-02
8.928845638331371903e-01,8.235956470945852148e-01,-9.644591713177960157e-01
9.858398253411765344e-01,4.900838539700647090e-01,2.815128576883153544e-01
6.993540045783604997e-01,1.559542323632155947e-01,-1.248000641295764768e-01
2.206945084763682896e-01,4.066319404611292709e-01,5.847842834532526179e-01
7.139399904661911656e-01,2.306625676241601530e-01,-1.453604725560028454e-01
1.822725365136397269e-01,3.581215477477073250e-01,5.553964542710954078e-01
5.706161360956738537e-01,7.350962514427000771e-01,-4.559925312930194763e-01
3.313141786874816974e-01,7.369790026657692117e-01,-9.017628304503100267e-02
6.873983670067981278e-01,7.634002489815056025e-01,-1.020969477510508039e+00
7.812505306883533729e-01,3.838899597230460703e-01,-2.102489867290624204e-01
7.732488531235127693e-01,7.891366731381079802e-01,-7.016501734260049972e-01
4.238096088096857672e-01,8.409990037512047323e-01,-1.827072711067859179e-02
5.731855670753726040e-01,3.507271042560440311e-01,1.705438351015614029e-01
3.259174212084611222e-01,5.561150193631608785e-01,4.132419753794051021e-01
4.841171250836253659e-01,8.771624163359673654e-01,-3.325882235790535990e-01
6.642868076541585953e-02,8.957735687164656291e-01,-2.784311023096798232e-01
2.057216723199686292e-01,5.573251375686595344e-01,5.870255052399169227e-01
8.907585631112358016e-02,1.342747178495441451e-01,4.650503967970105457e-01
6.224932678262345975e-01,7.070285760217934756e-01,-7.914516189716342964e-01
4.984904294674442626e-01,7.017127805761347314e-02,1.572844074149985227e-01
6.606295920207044814e-01,3.175799762159049466e-01,2.491284044560752031e-01
2.240975505870129725e-01,7.771129985730047540e-01,-1.049706067194479675e-01
2.559380424895663086e-02,8.955080747195631741e-01,-1.886161116824036643e-02
5.171110623004416817e-01,2.358986641907983017e-01,2.111384703790746276e-01
7.296747302117012612e-01,2.412237511382908650e-01,2.342920184217687773e-01
1.227786217360811172e-01,2.081173809021601429e-01,1.124895378489364051e+00
5.957429791321764423e-01,1.366760260948011174e-01,-8.672372078040835319e-02
8.693728810215448632e-01,1.177049456190980559e-01,-3.094886070753486984e-01
2.531447498609541435e-01,9.957762238481421280e-01,7.066070891602955761e-01
4.799949476659883807e-01,2.378581822993028894e-01,3.222536343988640084e-01
5.186859904886558237e-01,7.899848575022788699e-01,-5.311445065612738770e-01
9.320572502110101576e-01,1.534299872472827397e-01,2.485470429125531400e-01
3.561794672450835364e-01,3.869139256916642733e-02,4.939067360999613854e-01
9.073950366146995572e-01,5.913029762381230015e-01,-7.314884487550395997e-01
1.301761474748158731e-01,4.277568016964287123e-01,6.596104041726915668e-01
3.265227447602613298e-01,9.254662133445060723e-01,4.553860428352808354e-01
2.958085381235420197e-02,7.578900704938063004e-02,5.229523925129946349e-01
5.320060497377678832e-01,3.016198806785351794e-01,6.431860680614609471e-01
8.919388787483782943e-01,9.340422343744561040e-01,-2.240510290084251621e-01
4.822414724858982149e-01,9.449978919274448774e-01,-3.751201206371487795e-01
8.550755434028356472e-02,6.104558909062264282e-01,2.192618323420131299e-02
1.093792002052910162e-01,5.798701645046639985e-01,-1.009007587502387115e-01
4.128333730044961847e-01,7.201188690405462278e-01,3.047339504064272564e-03
8.277132565727332025e-01,4.003308028392111861e-01,-2.150818848942317729e-01
1.668061653514126830e-01,3.134525041728583039e-01,8.701052091615574247e-01
3.941869265206662254e-01,9.242247322358050354e-01,3.493671569571181190e-01
8.115841899579827601e-01,9.056904344647859206e-01,-1.020531503346504998e+00
3.868282697635621048e-01,5.904184799696589048e-01,3.158094615181693543e-01
1.948154688204342122e-01,9.258891226791698958e-01,3.855322479453860973e-01
3.749579780844086718e-01,4.056975422799358189e-01,4.053540082613574236e-01
5.381590495142749564e-01,7.057666462459859513e-01,-4.076645575255907761e-01
5.389573631715459667e-01,3.455956472388053147e-01,4.439500969035566902e-01
6.872878049355333197e-01,1.549427195258921142e-01,-2.580076194133494871e-01
1.001412736054853037e-01,1.207643579626027641e-01,5.549348078909548398e-01
1.972947927829085124e-01,9.880236191709412807e-02,8.055047057079706141e-01
4.846684377654295606e-01,1.944044269357415589e-01,4.491232219952505655e-01
6.403275853893121150e-01,7.962658794257848616e-01,-7.255303594109128174e-01
5.781084446846667113e-01,8.560252803333792126e-01,-7.518987600506904512e-01
1.102230611862091703e-01,8.891938374031391756e-01,-1.787567279102692530e-01
8.944118593238830073e-01,9.207981429049254540e-01,-8.066447718271219092e-01
6.924446949813933827e-02,9.486257096486593321e-01,-1.142317729383386382e-01
3.272660855890212606e-01,6.273029288306306572e-01,-2.040386750236937163e-01
6.702606328141773595e-01,1.244810585666766833e-01,-3.091017237623917557e-01
9.597142669777062318e-01,7.190046553383211414e-02,1.802342596823353627e-01
8.274052109638634356e-01,6.633109530668769294e-01,-9.029195644953157407e-01
3.458544360859926448e-01,5.277279026749506219e-01,5.551859536908199111e-02
3.164912655310342382e-01,9.574299126988612407e-01,6.202931510520284242e-01
9.836078531286294169e-01,6.014505436863152310e-01,-5.498170812730717172e-01
4.706983757807554625e-01,3.786125507284199276e-01,3.082088097233081081e-01
3.977405434843311882e-01,6.994367957885684328e-01,-8.794430763386651417e-02
5.852933713395196413e-01,8.450575868842620242e-01,-6.824958122187441134e-01
1.027793799292775478e-02,6.851197472922271325e-01,-2.809996917492357249e-01
4.385122250991549953e-01,1.073644351052505108e-02,1.091402542063969749e-01
6.801072230598970147e-01,9.139106011535464980e-01,-6.163762718023955145e-01
4.084870420175314987e-01,8.743930665689112480e-01,1.783919589660106775e-01
9.781813396232879043e-01,1.960674745452702927e-01,2.987463162393013683e-01
7.778753746742700370e-01,4.357325894189787441e-01,-3.922511237748372848e-01
8.562192361914492400e-01,3.105144768429515256e-01,2.964254998308630262e-01
8.318378849851717494e-01,7.072489568031228302e-01,-7.296072881978381552e-01
8.899748680238083187e-01,2.108465830634146387e-01,2.801823627997450661e-01
1.292821368146541694e-01,2.857420765965392739e-01,9.092524784602193932e-01
1.776880249618617569e-02,5.347939194883455372e-01,-7.197061629280993023e-02
6.187555763546462861e-01,2.950681407397345302e-01,4.400460646669253628e-01
7.049108144290173739e-01,6.907438739217434120e-01,-7.168149777917436349e-01
2.625358656373596444e-01,9.161475952016806534e-02,6.135220040831962374e-01
9.624215379118170599e-01,1.081410710170502831e-01,3.362126975183744593e-01
8.278556269991996786e-01,5.539948282936368873e-02,2.697049582819316393e-02
7.197768172372470685e-01,8.376267582407553869e-01,-6.174308133926673658e-01
1.095067577721309249e-01,4.194290304590735374e-01,3.977932159989591709e-01
5.592788188649583381e-01,9.115046042467966902e-01,-5.314213543487004143e-01
8.269776744273297231e-01,5.030131266599724427e-02,-4.496922888047272249e-02
1.971271075387794891e-01,4.292687722160367647e-01,4.920188744127169667e-01
6.818051696103636372e-01,8.213441499239260146e-01,-1.160664277944677414e+00
3.118302580437373184e-01,9.028172228365927143e-01,3.736360140514846107e-01
7.690677181877351165e-01,8.585855808310879356e-01,-9.490622254577472106e-01
6.189326270039015032e-01,4.043822442740120371e-01,-2.058062483503658724e-01
7.309471029184546609e-01,7.801757139225051763e-01,-9.095242508934925363e-01
8.590573332933774120e-01,9.873873705824496305e-01,-2.425239369018643565e-01
6.930236699345641016e-01,5.238236750314100298e-01,-8.176670038751885361e-01
2.672816165888574069e-01,1.053933046346555713e-02,6.826760665887956492e-01
6.148112712659435930e-01,2.496535787181188848e-01,-8.943510067453919188e-02
7.464598670477052833e-01,6.352256362984963767e-01,-1.034529859088647141e+00
6.230725610953790072e-01,8.533794910616203655e-01,-7.884397690025189975e-01
7.270852568154451134e-02,5.060446515258145705e-01,3.244082169334304711e-01
5.654086443792215588e-01,7.015547751100570384e-02,1.460670753429511026e-01
2.341166193101958948e-01,7.811527549952562710e-01,2.659805511546006196e-01
3.286924516637800275e-01,5.489867327241781947e-02,6.502291576621375135e-01
6.544975122533762679e-01,8.582877450767565364e-01,-8.688856604450760912e-01
2.251135381113605893e-01,6.463245737988676520e-02,7.718832111932369955e-01
2.849985658895313190e-01,8.161467822292065577e-01,6.707862340736353568e-02
6.372177945820519662e-01,4.430232416469559453e-02,-3.670099360633051200e-01
5.957347428449761839e-01,1.275705018251758194e-01,-1.404029196880317576e-01
1.433173216059411281e-01,1.633582350524150906e-01,5.664886242851122633e-01
7.862882607957963899e-01,7.375028472538880386e-01,-8.297543806329972238e-01
6.781063443946664382e-01,4.232187328274628069e-02,-3.344021273446146636e-01
8.579270841713940721e-01,8.874790842903829136e-01,-5.630077476876949039e-01
8.256862259832712381e-01,6.962203032290583682e-01,-1.027921353732256682e+00
6.803632223397492185e-01,4.079480806996215181e-01,6.670402228474592299e-02
6.556100895079994828e-01,6.024781846374787087e-01,-4.978220152776459684e-01
6.998677904724973642e-01,5.411143039095247520e-01,-3.660205130984990896e-01
9.867875544046793568e-01,8.270755806728091741e-01,-2.836607673718188893e-01
9.646305715654385216e-01,8.911525857787950811e-01,-6.752994181643865446e-01
6.474447622977436145e-01,9.633586875167270414e-01,-7.143947398222304512e-01
5.066202119480056609e-02,6.418872450198401802e-01,-1.086965029106449487e-01
5.211185479515526575e-01,2.933553230471863671e-02,2.371855975552204510e-01
6.838206125859266349e-01,6.628826187392848901e-01,-5.959324935216923080e-01
9.999502132198451188e-01,1.701438597597577651e-01,6.111637048722798893e-01
5.469392619936452871e-01,5.480068139907845470e-01,-2.385206287263857972e-02
7.444251704713742424e-01,1.621859862867873758e-01,1.300263043467929647e-01
4.999927515889135421e-02,4.571836957259540757e-01,1.956485391449052369e-01
7.135694984404982177e-01,7.658657868688794057e-01,-1.064572456852189708e+00
3.381511812655132454e-01,6.297889017501528963e-01,-3.258409875940915246e-02
1.931016942632005629e-01,1.765730074207128020e-01,1.071305799919952895e+00
1.737238294229838109e-01,1.414221060163951549e-01,8.718660135904505726e-01
4.037697480724776744e-01,3.952175243210658273e-01,8.633239920779995913e-01
5.347426445972122133e-01,5.061913306331432549e-01,1.223017926051495063e-01
2.295888230477116654e-01,7.111798393148025532e-01,-2.663841949822284838e-01
1.713351876620150538e-01,9.898188226111659382e-03,1.737285508530615474e-01
4.863578780911681498e-01,8.027316055366895409e-02,3.612178836768999979e-01
7.311642466111429872e-01,3.221510867625052565e-01,-1.428923287161835698e-01
8.439131964828269217e-01,3.123408843176371796e-01,-2.070757825701566857e-01
7.024371180043110785e-01,1.353252033091918438e-01,2.955689454497795188e-02
9.887894940271305666e-01,8.848382161656823675e-01,-3.630707371450991316e-01
9.073970216049720428e-01,9.554570568349662896e-01,-2.250013259868634541e-01
4.776170175639905535e-01,2.706984748386879192e-01,5.319186337379251395e-01
3.921816959239764477e-01,9.907059663667403537e-01,1.143846166301695499e-01
3.480798305434462669e-01,9.266002322134365699e-01,9.997142706032080550e-02
1.866156283619764267e-01,8.384578499972854537e-01,3.870347388354677953e-03
7.656789944875577181e-01,1.493104546051049475e-01,1.179362012422692785e-01
3.882356101363892975e-03,8.760327966853325155e-01,-2.472252519877579102e-01
1.598222700702397470e-01,4.694053120372334575e-01,7.853564603912612796e-01
1.436148016403175909e-01,2.732198332462840717e-01,9.132736893929191968e-01
6.959173594908831806e-01,3.026993073520970468e-01,2.579759902303708219e-01
5.914989300491281243e-01,4.674219332878596367e-01,-1.990941051340799905e-01
1.073668240406733254e-02,1.696830445087970096e-01,2.454585449017629428e-01
9.165667582179175543e-01,2.405024489832127133e-01,2.242312629926601630e-02
9.723480634483701035e-01,7.031341896271535719e-01,-6.570723842068891818e-01
2.182973894495920941e-01,4.609105238077259026e-01,6.588455542593891767e-01
1.574727454394531101e-01,1.688628285204114565e-01,6.063504826975637529e-01
8.275387420921043180e-02,9.335704246271692153e-01,2.989051043569188049e-01
6.200425765710566584e-01,4.562436307932183910e-01,-3.578217953846609678e-01
1.907969338215950161e-01,9.482358091542417711e-01,1.849344923185272105e-01
3.763998387298485016e-01,8.029110127277369058e-01,-2.214787239998400603e-01
8.618266043083385730e-01,9.010363887120481641e-01,-4.779254987708210778e-01
2.974966766720006373e-01,1.918159981587266305e-01,9.239446302762091001e-01
8.643200806007155235e-01,1.719496690259855187e-01,1.510953905557615440e-01
3.818902773280004048e-01,1.321461830768849710e-01,8.372788809959674783e-01
3.187507208224009680e-01,6.784268460896543118e-01,4.643176011561278571e-02
2.083711170226012488e-01,3.119574941189320327e-01,9.779199628666330746e-01
2.294767147485785586e-01,6.879867696524998300e-01,2.634501536477054651e-01
6.108706181542372660e-01,5.205394948514583398e-01,-6.694330401428256749e-01
6.984830705137461404e-01,1.951773023038844146e-01,2.499204351293587978e-02
2.227552347053989301e-01,7.800427117024933965e-01,2.724380470598459780e-01
1.238116185613402642e-01,7.221722370171637095e-01,-2.646562995284378328e-01
1.355449416992485778e-01,3.144377527655604077e-01,1.109483119757862513e+00
8.454604482081229389e-02,1.440768732278530084e-02,4.399927229111476046e-01
2.916600929810221343e-01,8.595305948444492694e-01,-3.379922073597385612e-03
2.628987320742348643e-03,5.216047793361999751e-01,-1.023661771412238963e-02
2.684298777123927948e-02,6.423797297201957468e-01,-1.708233400763805032e-01
4.511421645683185710e-01,6.239099913158524524e-01,-2.461991186768959505e-01
7.338191687447509493e-01,9.022026396884899047e-01,-9.592237216778974895e-01
1.660423808461912731e-01,8.069172666188195731e-02,5.516631806119889347e-01
6.893240658003391141e-01,4.387837971567110085e-02,-1.851658401893084838e-01
7.986582615407213925e-01,3.906742434380705564e-01,7.919688185543494185e-02
7.006027280467844731e-01,5.462900948528628398e-01,-5.493011276631121209e-01
2.431199552638994010e-01,1.421317076448626038e-01,8.885957849331354019e-01
2.099589951524161169e-02,3.687442553035892301e-01,5.444747040034927377e-01
7.226715428226897497e-01,1.228786871047815588e-02,-7.254351654331790966e-01
4.129746381567556135e-01,4.583845727310568163e-01,3.212379481386363755e-01
5.734170274025128800e-01,4.877629379072112581e-01,2.640974369593274140e-02
3.423907498992118104e-02,4.626729391748279907e-01,4.377953148362603297e-01
6.845179791094871957e-01,6.567484248770404376e-01,-1.171132187198284491e+00
6.862578196840328770e-01,4.706472654719094928e-01,-6.683046109728090212e-01
4.573166626198621465e-01,8.497199349239731303e-01,-3.429941940516594845e-01
9.634130466643344715e-01,5.300473057242716113e-01,-3.929345397361841963e-01
2.868844495983673415e-01,2.754578689489250998e-01,1.105510904138621298e+00
3.728575536445175587e-01,9.558291367512087300e-01,3.084493721192065330e-01
5.776420962000189396e-01,3.259189879335200324e-01,6.225678654959923564e-02
5.437753684971411428e-01,8.237776912305816435e-01,-6.583394078283225648e-01
5.189331066097088163e-01,4.233651352502668663e-01,2.505685595995917336e-01
8.515509536876291197e-01,2.922546906413436840e-01,-2.064952977590857608e-01
7.637550340387336822e-01,8.162489153176060164e-01,-8.995879141639067100e-01
6.443931760218524207e-02,6.893713701534672778e-01,-2.322202304719626076e-01
7.448371558001308790e-01,1.083405318842504128e-01,-3.070320283039159603e-01
1.594162891307611130e-01,1.914039367770979938e-01,6.519249713170287563e-01
7.598340160036179958e-01,2.357221998790871575e-01,-1.774180150357161645e-01
5.138028939124610339e-01,6.546908328976184244e-01,-1.707634544195524851e-01
7.801953086965782713e-01,7.508790314257489662e-01,-7.001089469188843672e-01
1.687729520781054982e-01,9.423230061198993868e-01,1.295740263090115751e-01
6.995119861510745718e-02,3.970019460226403840e-02,8.780759005016525176e-02
9.893126242397286552e-01,2.536869711182605513e-01,6.013652249758202339e-01
5.822182319861901600e-01,7.069930419423687828e-01,-4.904697887622508357e-01
8.894332721690386689e-01,8.103650529369045286e-01,-9.218349178020890378e-01
3.724358873479208798e-01,2.669623168833246130e-01,6.173128126797147175e-01
6.950390002242424758e-01,2.413269184596323891e-01,-2.000795453145349234e-01
7.330846336242821115e-01,8.543499137817985867e-01,-7.973613229381413259e-01
4.529424236107785218e-01,5.105631143899516111e-01,2.301859445919163250e-01
6.650929429893732703e-01,3.244966128141961725e-01,2.430245038912005051e-01
3.596620792045910342e-01,4.362878248514713286e-01,7.029630054967399566e-01
8.127686980239644532e-01,3.764871663463920104e-01,-7.998174708124916599e-03
7.929174169090478230e-01,3.641536319869046467e-01,-3.876675028867032080e-01
2.389694603282888075e-01,1.629786339849649268e-01,9.374670705486423117e-01
1.008781874308219972e-01,2.217547305202111074e-01,5.477252893575158543e-01
1.611421930979283212e-01,6.769027622024874624e-01,-1.758226144300386595e-01
3.229199368177957385e-01,4.314764836585482932e-02,7.634104142545303784e-01
2.308639387502465778e-01,4.555364654039348871e-01,6.158697130603532077e-01
7.969253029109807374e-01,3.299675111760431712e-01,-3.991240964325432072e-02
6.181646749530999019e-01,9.352180240074509099e-01,-7.190883723564256425e-01
6.804821566429146706e-01,7.597103297369609542e-01,-1.091457778753261776e+00
7.346995390973842799e-01,8.881059609993181558e-01,-1.065638289112382342e+00
2.136425334459645109e-01,7.050292865972459522e-01,-1.332683057586767916e-01
5.294960209877195290e-01,5.265616685932695828e-01,6.896810287450877430e-02
9.471873851509406972e-01,4.081559428673251499e-01,1.098006942804759523e-01
5.622606474305291702e-01,5.246241526013900591e-01,-1.716061557324097264e-01
4.087870008578897707e-01,6.132871789705456322e-01,7.918933241104236798e-02
4.864730129716975382e-01,3.000247751415212605e-01,3.799616810781573650e-01
7.314325460932530332e-01,1.636524014546988370e-01,-3.220980620378881554e-01
9.898136565650343943e-01,2.931580135499167739e-01,2.948159107813949631e-01
7.449367716698317432e-01,8.051168318793514578e-01,-8.314964525153694108e-01
3.270696240313641923e-02,4.927205798798138803e-01,1.940271741301031749e-01
2.353986930003789668e-01,4.450827006250018814e-01,4.813782825545882549e-01
4.954292377870249675e-01,3.083011610196387808e-01,3.651791251645268854e-01
7.393159182524263739e-01,5.814630444573957169e-01,-7.470546161171838229e-01
8.290375561713225760e-01,8.462495130729873472e-01,-1.140980148635267089e+00
9.974142087350633679e-01,1.339997725313039068e-01,4.486814530622022512e-01
9.155922174078715559e-01,8.035002134027124931e-01,-5.652459403970708784e-01
8.405873980767812892e-01,8.047569695689419378e-01,-7.584349168794980445e-01
8.139509587133583191e-01,3.316622502886243939e-01,-2.623935239603343850e-01
8.590300002514422717e-01,9.982921635306600816e-01,-4.038240766367029999e-01
8.528952561211078365e-01,3.371933029243225910e-01,-2.480286254228603604e-01
2.488690207434806068e-01,4.959964904292022414e-01,7.557826731499717177e-01
2.222436088323326286e-01,5.736164709924878036e-01,1.404948822754577831e-01
3.298267442544142725e-01,8.634603552180397656e-01,3.084559614628357149e-01
3.250404570468856669e-02,2.302670387981062827e-01,8.244479252197240982e-01
1.268407286674367862e-01,2.636411080922398398e-01,9.787501027424982958e-01
7.681357052152170128e-01,2.775978667243137465e-01,1.079030133589332086e-01
7.673254126560868915e-01,7.543432776994081213e-01,-9.768541005628172957e-01
6.499768982839656539e-01,1.980203692874025201e-01,1.981808017330503602e-01
4.146683919115220496e-01,3.725648737237496899e-02,3.010547806016158900e-01
6.781791708734073998e-01,2.760638160860292567e-01,2.744062306386306216e-01
5.554577923605019674e-01,2.300143042527493797e-01,1.266613871983202078e-01
5.312654719972135231e-01,2.171324710380734269e-01,2.992903969485198878e-01
9.133900711666050887e-01,8.189330267165146893e-01,-8.806811810575354560e-01
1.962172029955131514e-01,8.291668273275181189e-01,1.707221519921602870e-01
2.967542253303705468e-01,7.226751452805727505e-01,7.721540365071938306e-02
9.117314373452267695e-02,5.754039598572850966e-01,3.086627975519128375e-01
4.856280689155789698e-01,3.490390290125989781e-01,4.506918930192240214e-01
9.595180953653109635e-01,5.076679213692936177e-01,-4.411729830959557619e-01
5.673304606999002297e-01,7.517753614424056430e-01,-7.475042673572216412e-01
1.514489397228047096e-01,2.888718381771588906e-01,8.310833334287845986e-01
1.529284850981197375e-01,6.580916967824000929e-01,5.725323001823878766e-03
2.556901645435931680e-01,3.800982462760149616e-01,9.608795101901128621e-01
5.503545056152164827e-01,6.441072812354470267e-01,-4.600208587184906328e-01
5.405425716633794897e-01,6.196825733850976903e-01,-6.151035596910284786e-01
2.682816431367895937e-01,3.012572858127071651e-02,8.695832603208024647e-01
4.226857719955456894e-02,3.655618261590596330e-01,5.508203815194512298e-01
1.579620438108708669e-02,4.059719819400324781e-01,4.067408165354755578e-01
7.837062413173290221e-02,2.161888986970208482e-01,9.071206545987314795e-01
4.574253122944371697e-02,9.402372154458115139e-01,2.293348526111336216e-01
3.790312729802958192e-01,3.966055725931537657e-01,8.894030287972916060e-01
6.385979651256090683e-01,8.858850948684190429e-01,-1.010739723415763125e+00
8.166494671488200296e-01,9.998437454908578603e-01,-7.263592544754191582e-01
6.626736234194686714e-01,3.005283919173840079e-02,-5.470580548143709754e-01
3.636047706638313448e-01,8.841894711177860078e-01,1.977760977261064368e-01
5.277547301506309019e-01,1.949925371180849520e-01,1.897512789305297876e-01
7.007106315503964789e-01,1.384672802807400682e-01,-1.708504771523155497e-01
1.958375619836671966e-01,2.610266282958042527e-01,9.534839612890353422e-01
9.723425021765347287e-01,5.643045158199476719e-01,-2.382425075108876578e-01
9.533114156093608349e-01,9.495756618613045985e-01,-3.349305629619678815e-01
9.060579403047119840e-02,8.671268263580593771e-01,1.620667184336699318e-02
3.742910282552660561e-01,3.305832127012608979e-02,3.452722176898400663e-01
9.261124195616012855e-01,5.486456912271249209e-01,-3.435253139759678609e-01
9.028115049586272756e-01,3.040583845871887014e-01,-1.993780813172468802e-02
2.705824526884704762e-01,2.535114139838761105e-01,9.639144238821275579e-01
3.070548501412330156e-01,1.420535672976330765e-02,4.980105354151889152e-01
4.558348074652689430e-01,6.602821493390919061e-01,-3.620890793972949551e-01
4.580370018497500473e-01,6.542108117707693404e-01,-1.588120861214294965e-01
4.117504079884348744e-02,8.408411010128662433e-01,1.609129094610084465e-03
3.226343886698674890e-01,2.414481080824201209e-01,1.113008841817996641e+00
4.777815559768069376e-01,5.162870848106787536e-01,9.690940252087262841e-02
4.364772205291110874e-01,6.845666410080043507e-01,-3.083754394451618253e-01
2.336809892843253467e-01,9.972061748465350650e-01,3.868836555677125366e-01
5.590846847133340569e-01,9.963880992881201104e-01,-4.484329964367139709e-01
6.820064124367197778e-01,3.115681405510227764e-01,-6.381326021612157562e-02
7.911224346771157379e-01,9.219700033271182038e-01,-8.971854547046764772e-01
3.813627971718821508e-01,2.553549679980681164e-01,9.649603972083752312e-01
5.801787092687442637e-01,3.512822884292815528e-01,1.566531790964741100e-01
9.253022306622283866e-01,3.580107470390081481e-02,-1.974874427341067884e-01
8.645854110938732129e-01,6.247586717350706031e-02,-8.620642926214483470e-02
9.285807716192269190e-01,9.677781453988234528e-01,-2.223608967479749343e-01
1.017516804518793228e-01,9.501841196841588344e-01,-3.691472567493978008e-02
6.813048661329925704e-01,8.173512351256058128e-01,-9.382837614878899446e-01
6.749718518184690819e-01,2.382931079177011968e-01,2.538624057987150517e-01
1.061078954410279440e-01,3.165547191331071764e-01,7.239983237489672208e-01
7.042300514434121084e-01,9.996085771644452889e-01,-3.478124896364622742e-01
7.320048706762510848e-01,4.064112749256769686e-01,-2.770939320146206253e-01
7.950820368245005154e-01,1.014794881568874541e-01,-2.950882368896881047e-01
2.670392270829893278e-01,9.477388001334852152e-01,3.725789993841236436e-01
8.345224657202894303e-01,4.924754128533965769e-01,-3.416192567568561711e-01
1.902528089963807512e-01,6.234669847605277537e-01,1.694450420019871784e-01
7.919062304430353194e-01,5.872852498414318223e-01,-9.756071576589167016e-01
5.373548312992889597e-01,7.381958528048486734e-01,-4.452933779925643543e-01
4.980400459737742702e-01,7.932911966912388202e-01,-5.553753369120922878e-01
5.570382045469525201e-01,4.532888824275012052e-01,1.928609675163448223e-01
3.711431493567325379e-01,1.260534964591969453e-01,4.530542822032090911e-01
3.458947211067837646e-01,4.747508788132734914e-01,6.984251894869726307e-01
6.750504202609166615e-01,6.634354078681392597e-02,-3.726598725377369692e-02
2.316194373652993299e-01,8.528326681002400544e-01,1.325740048568561091e-01
5.017203295474381708e-01,2.228220411030705783e-01,4.773667817599770991e-01
1.625880035376662258e-01,4.278557305938892608e-01,8.363501256528471650e-01
4.139660548496547632e-01,4.689550260346302402e-01,4.783139490834572016e-01
2.924508667867993239e-01,1.738216301463689772e-01,1.026984539301171839e+00
7.163895995014253337e-01,3.192734580502946118e-01,2.453370150672197769e-01
6.005411729967857770e-01,6.377430657410615433e-01,-3.837743537199572175e-01
1.078537211053081091e-01,1.089186609833197039e-01,9.106897207042479181e-01
6.360600459595664447e-01,4.758441268772813926e-01,-4.982471977326112800e-01
5.660872926685333040e-01,2.987476584668699031e-01,4.495365715893813174e-01
9.557966533682754617e-01,1.880369116439145616e-01,4.801970385962565646e-01
9.526004042573102959e-01,7.123889662194411443e-01,-6.110738328205814751e-01
5.355165674594983827e-01,7.944747215012808450e-01,-3.512632292809411694e-01
4.117408756793057290e-01,8.310984087449773128e-01,-2.020784608882036371e-01
6.830879938604635937e-01,1.899853947598453274e-01,3.645080890207003099e-02
8.137556492008733988e-01,2.205716272175982651e-01,-2.209882955443172037e-01
2.545369043016832977e-01,4.613695770252174144e-01,4.566818011367499430e-01
7.090767623620174431e-01,6.096523972901926047e-01,-7.027927385874040977e-01
6.036124834507853310e-01,9.854791172377843633e-01,-2.614211157842126210e-01
3.516152629050668388e-01,5.979295705363744107e-01,3.783792847229411338e-01
4.259045514441750502e-02,7.578095397187746274e-01,-5.971073454107507228e-01
2.029643729014984910e-01,7.178018641507023512e-01,2.792263794581572589e-01
8.278805415188993377e-01,4.571084676141347058e-01,-1.754536472670378822e-01
3.256773550787119831e-01,6.290576123363635919e-01,3.618390068342401400e-01
9.442439988277320229e-01,4.907733088758214901e-02,7.431918179950644521e-02
6.913587356982799914e-01,2.404411308188603158e-02,-1.305028256854336433e-01
8.847623258758833265e-01,3.526312002685834113e-01,-8.886954228525126287e-02
8.967867468472915382e-01,1.919517790505896881e-01,5.233202452074084410e-02
3.286696918310509918e-01,9.065416431202208969e-01,9.277123995290542657e-02
6.888409709360506783e-01,5.277085834302379652e-01,-2.804159311375932773e-01
3.642056823203613236e-01,3.138942989487557567e-01,6.848728812420834533e-01
4.125819757482181993e-01,6.431148131370419962e-01,-3.986262757981604010e-01
5.790218816936568702e-01,8.291128249182819765e-01,-4.822861106602456815e-01
1.818859053942372128e-01,7.811206911503740802e-01,-1.004910336384967906e-01
3.592592206536071586e-04,1.628533406410197504e-01,1.341847008881704717e-01
3.211497556963823774e-01,2.088902196027445646e-01,9.136423105589459581e-01
9.658766608193652958e-01,2.322066829804807497e-01,6.369125809223109558e-01
5.211761300661209573e-01,5.438308449440095727e-01,3.508168043559972693e-02
9.240840296113234098e-01,3.635752395499809442e-01,4.454076471201904308e-01
8.010878207819238650e-01,4.916316366098495427e-01,-4.961289524403029727e-01
6.025032645569617928e-01,1.412319617824354667e-01,-1.883007314996061887e-01
1.653188975689060536e-01,1.888766774406770432e-01,1.037722864448825888e+00
5.259091636210336818e-01,5.323992013574153637e-01,2.709133310803446548e-02
9.560110036280566881e-02,5.486412409398289114e-01,9.486129553429822892e-02
4.454472997240125354e-01,9.350447432954976934e-01,2.558033061773364869e-01
9.133295437283474039e-01,3.089408646333882125e-01,-7.129534264800790888e-02
1.437585061877086900e-01,1.801495536851825952e-01,5.719028041263820583e-01
6.519981135235131120e-01,6.816574425383133962e-01,-1.053777174202688016e+00
9.325116412029517132e-01,7.810864784828774887e-01,-4.624720662265296434e-01
3.621968562212629639e-02,6.061219427715260899e-01,-3.018245948116415889e-01
9.687937971849736041e-01,4.229602692275291620e-02,-1.837696859435456465e-01
5.515812167257515553e-01,3.358134556394162251e-01,4.748425054342357288e-01
8.652466633870791179e-01,3.072817734936218459e-01,1.338684233358422571e-03
9.561848209449422820e-01,1.285166954997142286e-01,2.010766647598110357e-01
2.520245270905689949e-01,1.311031409947098769e-01,9.761174390645128707e-01
1.514723232709086487e-01,2.279260250075433314e-01,7.320525486633593371e-01
4.339841280620578834e-01,4.697900491834399173e-01,4.423219174678880705e-01
4.255495327249662063e-01,1.603966601413182591e-01,6.602014271324502248e-01
4.677098462565243420e-01,3.344710435306066376e-01,2.817647217854030162e-01
1.280932169429053191e-01,7.174882290785005168e-01,-1.794801275191890422e-01
8.447733780991761865e-02,4.136180708429073594e-01,2.793561717069711348e-01
4.240097449356614590e-01,7.911133449212179869e-01,-1.196558330573041506e-01
7.083431670063630170e-01,9.099652813384566663e-01,-6.181985368895589472e-01
7.392814042655918572e-01,3.446162006248093546e-01,1.426244897278113877e-01
5.690081273209822710e-01,3.344682635028698447e-01,3.732418789344937871e-01
7.311475185505286190e-01,5.986682639765241731e-01,-8.197659310612850359e-01
9.234992092201310676e-02,2.088497363704487908e-01,7.058825650986376710e-01
1.038705228573891803e-01,1.969852037964736624e-02,5.795087143456857381e-01
8.631187325815001810e-01,1.189925219030990577e-01,1.110274972914695457e-01
8.188246013409040680e-01,9.169411713119918206e-01,-9.648605047973999316e-01
4.437466176964530717e-01,6.436638434947004050e-01,-5.151080672620899081e-01
6.379251910407248705e-01,5.243411061626601644e-01,-2.428099469702084678e-01
3.275886679671956569e-01,9.310873627607354486e-01,3.480542515660206560e-02
4.300510167390878546e-01,7.484094626040530551e-01,-4.051247456787666623e-01
2.705089338069319727e-01,9.726757557331205950e-01,2.464906018077596683e-01
7.592134045393839070e-02,8.198530583284941997e-01,-3.208394908145303925e-02
6.363001805624940443e-01,1.892161493474835421e-01,-2.890194236160700814e-02
7.259434995211688779e-01,5.128877255307938698e-01,-8.073270659240496805e-01
2.965054821628092530e-01,2.762952501938409355e-01,9.026738663395647011e-01
2.330459540762069848e-01,7.095996385148273244e-01,-2.311272285347731603e-01
4.794937148013763695e-01,5.735026606245413605e-01,1.289006481366929968e-01
8.677626075275239881e-01,8.456478411354924063e-01,-1.062594295564110114e+00
5.116092777014618065e-01,8.073896063497844056e-01,-2.155600899529554471e-01
8.724705320205282666e-01,1.072226418544733884e-01,-8.399769908357096471e-02
1.721258957602422868e-01,1.064285625274602465e-01,1.036117531960941252e+00
3.160408586864341673e-01,3.874202392827059693e-01,1.078371534251801211e+00
6.566770563152185547e-01,4.235589173022726861e-01,-2.541308283942593782e-01
8.618830315340261228e-01,5.042986851053613551e-01,-1.777559502525085100e-01
6.122911956646159837e-03,9.404664667224814645e-01,1.244251640218156651e-01
7.614924190427350137e-01,5.016767080210914331e-01,-7.756287440353242246e-01
8.493861053316463794e-01,8.769906046508558761e-01,-9.652739739567606225e-01
2.411791889850446458e-01,1.002091287080396631e-01,1.061051451320879080e+00
2.204877842983553604e-01,2.396595110617837365e-01,7.095237321785896611e-01
6.852800725391152703e-01,7.082989738056293394e-01,-6.685502575613682108e-01
5.699529238621702243e-01,8.298533796288073416e-01,-5.175584185757636790e-01
4.771305163731698329e-01,2.972196431715923293e-01,7.298247485287350234e-01
8.168307224024877744e-01,9.817493816703104503e-02,-2.560854400997587543e-01
2.544011482399732849e-02,9.120229576824664397e-01,-4.134299837103627695e-02
6.583384977979476194e-01,2.979029482492632219e-01,3.526129725850880581e-01
4.847656085923538472e-01,9.232151017235293855e-01,-7.646766293312304286e-02
2.595263118307242767e-01,8.826883198495457661e-01,-2.975791455932580432e-02
5.650251792448901522e-01,9.978033005533561983e-01,-9.182098187068132855e-02
5.849497316675297265e-01,4.415400558755850913e-01,-1.625507968625974908e-02
7.077805674054601370e-01,5.327007489548389874e-01,-3.389399480528454967e-01
8.175965172709186435e-01,5.237671528769647367e-01,-3.365121713597793995e-01
3.649338374423555242e-01,3.715888236895253938e-01,6.786137176154170003e-01
8.553100735049034009e-01,1.403259842117383638e-01,1.553178038319551479e-01
8.177649004503463326e-01,7.089241835857964524e-01,-1.151418997667067678e+00
2.576114478101854122e-01,4.401050758872091517e-01,6.350043696209590749e-01
9.994347562323923073e-01,1.352971795014432654e-01,4.045247275152847877e-01
7.102548238661243740e-02,9.247557437341179520e-01,1.733918192570932382e-03
8.776365760547144568e-02,1.545843081338709180e-01,9.458402359357940270e-01
1.287897099865227268e-01,9.373259999521220687e-01,1.403925335617410008e-01
8.862391173429764457e-01,5.646103780826353669e-01,-4.158536907073622224e-01
1.494120978298566493e-01,4.018816048081722547e-01,7.156730125924483099e-01
1.068715274731036891e-01,3.524358206097886193e-01,4.586875829652342640e-01
9.315173919528817459e-01,6.668323225659706921e-01,-4.138400439376300199e-01
1.166571612978852812e-01,6.434953209574930666e-01,-2.423859821788466040e-01
9.057581574436878169e-01,4.093201053617958607e-01,2.564332183861547376e-01
1.748267394007534392e-01,9.449801288791930265e-01,5.620804360208766504e-01
9.346917443476598919e-02,5.445806002472913798e-01,3.264820674229481634e-01
8.230672055260334075e-01,8.735963971801593564e-01,-6.745593383303276624e-01
9.361261152456606949e-01,5.925015588778603792e-02,-1.513301890639891512e-01
1.349753902509093217e-01,1.954580095157109065e-01,8.953558442269058393e-01
8.938239784577525215e-01,6.504627087141978681e-02,-1.842582710564711346e-01
5.556166980233532282e-01,3.094341996760675562e-01,4.378559345202018283e-01
6.473035142487065796e-01,9.549240818129453023e-01,-6.348828368322937399e-01
3.405248054262011159e-01,5.788160627573226691e-01,-4.095452695349457994e-02
9.639832625231991026e-01,1.415490127877923054e-01,4.745606695525705354e-01
9.299839725171673566e-01,2.478626292395098574e-01,5.315465430359855858e-01
7.685997795797600007e-01,6.010540182415402555e-02,-1.683479719973392519e-01
2.557238753492867556e-01,4.494585027471680316e-01,6.056458794559071990e-01
2.178445191772875322e-01,3.642045518377686752e-01,9.906524512952529227e-01
1.465316497998079281e-01,3.745433069680738081e-01,5.846212957725744896e-01
8.140017014254519179e-02,1.109028430860731218e-01,8.462932111888288311e-01
1.416463351300334406e-01,1.764584994193294509e-01,9.652281627192622615e-01
8.943424493837602851e-01,8.826157995349137586e-02,1.715903195463133746e-01
3.169879845220413550e-01,5.955582314155194457e-02,5.632559953956524090e-01
1.465151840605298794e-01,8.790170534377639289e-02,3.700706522596358128e-01
9.880628327161758984e-01,7.415504333864640918e-01,-6.743992196170014441e-01
6.593419929195667439e-01,8.057192415948145614e-01,-1.144398984268405917e+00
3.931287079510571436e-01,5.320724065373062528e-01,3.838203056516842349e-01
7.248500774934568680e-01,2.871978566489228335e-01,-9.609064159082561507e-02
6.115618880080426756e-01,3.462306393740853805e-01,2.440295505497870887e-01
7.728216732502786179e-01,8.369715581712722230e-01,-7.115209643022548658e-01
8.233714266699205808e-01,6.311187962680080421e-01,-5.745088643571778508e-01
4.975472644439006276e-01,2.964101913333347937e-01,5.639475425056357238e-01
9.073084884864605071e-01,5.000845606419098699e-01,-5.682662320110345444e-01
2.606065488319251333e-01,3.071058747536293820e-01,8.822665644244886973e-01
6.433154104546636720e-01,6.572667657746079639e-01,-7.349480915291820571e-01
1.172554448660029225e-01,7.552734634672106928e-01,4.280067579940727285e-02
1.028877939129745345e-01,8.930652380287240621e-02,3.170213033971522876e-01
3.392501520811636029e-01,8.011424681778778201e-01,1.357676708147069755e-01
4.418236407569873236e-01,6.176686994043749657e-01,-1.780477166678957335e-01
6.903154278322943815e-01,8.083874599049161169e-01,-1.032421909380652814e+00
1.674101346597376416e-01,9.520214126270457600e-01,4.379987313074899524e-01
1.750512122162853901e-01,3.652134155700349494e-01,7.260750514263614175e-01
7.147221301239884417e-01,2.202133762867041211e-01,1.370061519910583669e-01
3.917212304234778397e-01,4.905760486394629138e-01,2.620231965532252572e-01
6.525229287940562672e-01,5.486984096888026796e-01,-5.973754351530349282e-01
5.128653632131544571e-01,1.715421802616579061e-02,-1.511534094772697956e-01
8.240558105803467148e-01,3.151917588338650766e-01,-1.841923409204840600e-01
1.815026090310637441e-01,8.109546255507116275e-02,6.433900324909042068e-01
6.599856485448174492e-01,2.902592972209266931e-01,-1.541702727327111944e-01
3.258728273561508626e-01,4.494979645009885560e-01,8.665980694603232504e-01
9.076458276507648470e-01,9.328314436888234251e-01,-4.836449167254863735e-01
8.469708941598466101e-01,6.085983936035371800e-01,-4.822154649626261835e-01
4.777753957122343742e-02,3.583632053358943859e-01,4.351783666490532387e-01
5.014913600881520939e-02,2.864458089997855561e-01,7.726145263810615393e-01
3.008839916112275858e-01,8.151426118139463162e-01,1.527339303539151372e-01
6.943226874136948501e-01,7.227514916451484028e-01,-7.365539470045021631e-01
1.789151077835579029e-01,7.267507400149011421e-01,-2.668895260968371930e-01
6.502840572659364105e-01,7.380602554340691679e-01,-8.621087846231767493e-01
9.583836710995267127e-01,2.720542072959788449e-01,5.848954896456111108e-01
1.594590948959828669e-01,8.206778996183484720e-01,1.993605615706959266e-01
3.901000371830093405e-01,2.452563679473848124e-01,1.114787185616037180e+00
2.561625807114867870e-01,7.342476411509724077e-02,5.660198259293340861e-01
8.573931792003264274e-01,4.586224337729120082e-01,-2.021182069272597359e-01
4.018199660914890670e-01,1.014264720984877632e-01,3.347887303938812398e-01
7.373526696926869795e-01,4.990837706015714970e-01,-7.469473973288416335e-01
5.116741203777919189e-01,7.779719484077111114e-01,-5.528735390007706307e-01
3.371351974984385658e-01,3.016644756556361440e-01,7.762158088373712905e-01
1.798117237671097435e-01,1.063765945968520032e-02,6.566157625734403425e-01
7.820480635835179717e-01,3.579559466683810420e-01,-2.836222744048270128e-01
7.388137961093302897e-01,9.067081404322485660e-02,-4.355469337196795632e-01
6.007295128491899616e-01,4.115829048129666656e-01,-1.877649394148550588e-02
7.572406139926882718e-01,2.249001653413790214e-01,5.689282898217434825e-02
2.476788734977767303e-01,7.679040726755204105e-01,4.596456043216246012e-02
1.321217652806676579e-01,7.332766385001446841e-01,3.514840423251913704e-02
2.445296651351456241e-01,6.293239796826796129e-01,3.427939155845966535e-01
6.699312957082462772e-01,3.768332806847978222e-01,-3.171522736631781081e-01
9.722704693820954924e-01,8.845066081551030690e-01,-2.270910511068060522e-01
6.015238833621977532e-01,3.275790615166115360e-01,6.782659992339518107e-02
4.853729806268525238e-01,7.033439720228285008e-02,4.143841503112709046e-01
3.748096074631945829e-02,1.430029926265024010e-01,7.251352744517709503e-01
8.354071888647790489e-01,4.765453434494082430e-02,-1.942337626325346123e-01
7.927782720231502100e-02,3.337637769981346425e-01,8.937563471498728429e-01
2.908012003082672825e-01,8.910273222978096763e-01,2.707078033127694461e-01
6.185354195641179498e-01,1.479863653684301283e-01,1.951564469647393274e-01
1.040172252597793001e-01,5.364020246021926619e-01,1.534268585379993111e-01
2.639031369557580664e-01,5.494698396964822207e-01,5.757840149480153435e-01
5.954303042267493629e-01,1.575298901742873126e-01,3.430874074363464699e-01
2.991619211402507528e-02,3.290457887256488245e-01,5.554476111710061614e-01
4.924145714481268366e-01,6.577001676571425648e-01,-1.988024119487363239e-01
5.544823391953224156e-02,7.983449541422393825e-02,4.024263055815254786e-01
3.204083909129409324e-01,3.280129242343413631e-01,7.178265240354706478e-01
8.379545242812166395e-01,2.918861861352269882e-01,2.147593195250446785e-01
4.285375372870070532e-02,2.620583964440894587e-01,7.881400498928408105e-01
9.650976950001869392e-01,7.972012010081961364e-01,-3.535862167117568844e-01
6.269466984763033546e-01,1.806085012958500435e-01,-1.608822852529948055e-01
2.537781884500951435e-01,2.939204713747293196e-01,1.011168226332164410e+00
4.928819594936735271e-01,7.511440373605393628e-01,-5.351180699442519284e-01
2.737358261654412317e-01,7.037163642308806866e-01,3.766555173341512575e-02
5.906799079776358097e-01,6.803890076539825804e-01,-6.858806748232307848e-01
1.387721134870267825e-01,7.862522712903485811e-02,5.775534679886615841e-01
7.252512557042778418e-01,7.505363199050285594e-02,-2.709323807292556285e-01
8.993170428663262994e-01,5.092130283962157389e-01,-3.152732280832619693e-01
4.914566271649344342e-01,1.111784825212396299e-01,4.082067377279912646e-01
4.256923979368020250e-01,2.025470026124376322e-01,9.209413025394426189e-01
7.922215720175994624e-01,1.308686595390384788e-01,7.310180994925735698e-02
7.524168037648176766e-01,7.015468707607019905e-02,-3.980491857663474575e-01
9.259286643626906121e-01,4.843043351401299379e-02,-2.401045662040729722e-01
3.623377403753398340e-01,7.163376169593863585e-01,-9.460982562429109954e-02
2.252652170863012060e-03,2.845604590639390086e-01,7.235098544464564352e-01
8.856517733787169222e-01,1.563833034809278821e-01,3.357787951982915131e-01
6.181837037486878073e-01,4.748472040825140184e-01,-2.826387975317258827e-01
5.697566495738578540e-01,8.471231752644122759e-01,-6.826755491352120009e-01
5.695653180050919140e-02,3.492332626264474937e-01,8.741233566037001079e-01
1.783772728176007405e-01,9.434301352181679867e-01,3.472304071315800433e-01
5.446445435792436340e-01,6.948106509746337922e-01,-9.027341334311931309e-01
4.349614102353469569e-01,7.648444573765500465e-02,6.052444911848406939e-01
9.088464625791540241e-01,6.731768623029592558e-01,-4.688072662916585309e-01
7.629710761538457398e-01,1.773280793744327344e-01,1.547620891966690060e-01
1.963770156157129687e-01,4.510276983583274557e-01,6.008693924027914690e-01
1.106877515390191080e-01,8.478914953908489593e-02,7.890456110560057912e-01
5.293572218190384371e-01,4.898567506626057000e-01,-1.815900262310946034e-01
5.567021374847536119e-01,2.641204954944563754e-01,6.524074739831231540e-02
9.340161079812918654e-01,6.041770103453023566e-01,-6.460216030677369270e-01
8.868091662558778010e-01,9.959448592985933324e-01,-5.503912108768432843e-02
1.578275116392324762e-01,1.724018990124118744e-01,9.873235758950440477e-01
6.302872137929751428e-01,6.425813585453920007e-01,-6.968978128125798976e-01
9.131646495523788598e-01,7.377274400039556257e-01,-9.572179875932792514e-01
4.134693973847013426e-01,9.252365622617350072e-01,-1.819128118588235754e-01
5.128081307723465487e-01,3.468426329142848541e-01,1.078895956795686284e-01
5.929950565990700362e-01,4.570968383532536539e-02,-3.886194920628697203e-01
1.010147385945490139e-01,4.518132605628317755e-01,5.219228683865750895e-01
2.204965525214485078e-01,6.981149168433411489e-01,6.885292408866422464e-02
9.180608932581502124e-01,9.786510708991745799e-01,-2.120450161129153743e-01
8.852273393750287322e-01,8.844152773424731606e-01,-8.776081813753575656e-01
1.378732749615410036e-01,5.597625339028976521e-01,4.308363124968551672e-01
3.706115354467317546e-01,8.875232196948064090e-01,-2.456099582996348341e-01
3.931461027439162592e-01,2.299517408611367886e-01,6.751049216626551219e-01
4.707367645878067774e-01,2.199002046637191787e-01,5.990875721401707210e-01
6.951123176515029423e-01,4.869044045274067978e-01,-3.484454363500026353e-01
5.773741815228750074e-01,2.082607607240405390e-01,1.514651422422675642e-01
9.972009079368503448e-01,1.298212637907477651e-01,4.233685942572250061e-01
5.204976195740356193e-01,9.175968289559974789e-01,-3.007362700498938946e-01
9.055372383138015069e-01,5.349027948419334821e-01,-4.732145782008311263e-01
2.726828143211877942e-01,5.980051536196236972e-01,2.194154497291258554e-01
4.559342011880552770e-01,9.735915298550951169e-01,1.105165203137606772e-01
3.816485307494664747e-01,6.160776948604856917e-01,2.301120041051426535e-01
1.741644811278635352e-01,1.411488208829598801e-01,7.143030955503293367e-01
4.307248728954149453e-02,2.996044372258845900e-01,8.059829298856828750e-01
7.312365351600614849e-01,7.682836286256279346e-01,-9.378188878315927290e-01
6.178358031001878192e-01,9.339689639692450029e-04,-4.141570582518454557e-01
5.252610020761605547e-01,9.757855757904965177e-02,4.166433718097872774e-01
4.566702594343156063e-01,2.261985447661163384e-02,1.532947587366087494e-01
8.460888936772277269e-01,5.833204187018952158e-01,-5.479710984884322844e-01
1.485223460871322176e-01,3.364222704150732213e-01,9.102673451450361553e-01
6.137586062427926592e-01,6.860180006479692505e-01,-1.045136151050561235e+00
3.572791794961777123e-01,5.133037516756688845e-01,1.350704669175079586e-01
4.479599865207666287e-01,2.949155632094001556e-01,4.221118989798156029e-01
9.965842481901271421e-01,4.857013747015703764e-01,-2.081098537193533660e-01
9.405382923400343875e-01,5.034344467941882506e-01,-4.333110312058846003e-01
6.027919983706299112e-01,2.467086030174984179e-01,2.311746369309914950e-01
6.649309615769272153e-02,8.666830973880137456e-01,-2.369374589448513535e-01
2.480984025180847929e-01,3.452562289256709827e-01,8.559865859018868095e-01
7.703281874248186778e-01,9.688457084131198993e-01,-8.057817914552409810e-01
4.088996874291792594e-01,1.376158884602864951e-01,4.465416318349774705e-01
1.363695571763829939e-01,5.521233127600534418e-01,2.916073449446723309e-01
4.971878256506006011e-01,9.044230133626018908e-01,-4.767553699154340463e-01
4.512269993875266394e-01,7.220693009998495615e-01,-2.258374966641751302e-01
8.791606286636708401e-01,6.852390344633885189e-01,-8.737474930521370586e-01
6.277476780614834606e-01,7.010608915349355597e-01,-8.567690819700043425e-01
5.302897773109084278e-01,2.506477555531247958e-01,1.187066530025375766e-01
4.316701011943455679e-01,1.919611664984666177e-02,5.151763373498430276e-03
7.023928844673617000e-01,8.520010027451130341e-01,-8.830742446844727089e-01
5.160900766328319067e-01,5.295418501644107989e-01,-1.990511375695881990e-01
5.592376961863763096e-01,6.194164815363176757e-01,-8.108602630371567477e-01
6.000044150703981449e-01,6.631360844704411450e-01,-1.009635173044187262e+00
9.425112807505944268e-01,7.660794450937999933e-01,-6.106285073831209109e-01
1.974548176751589335e-01,6.814958450405574908e-01,8.160208661239337635e-02
3.592633155988994575e-01,5.897126508510592835e-01,-2.480235838959907180e-02
7.688620559054942794e-01,6.618413647261967014e-02,-3.802389157737880998e-01
9.934273311182422184e-01,9.390422100210471523e-02,1.309609438753495114e-01
9.010418443015465462e-01,9.919144868779532498e-01,-2.387134645744883876e-01
8.700326576151309332e-01,9.282181626079889503e-01,-6.723180901683895039e-01
6.112925162056732642e-01,4.101869848056769463e-01,-7.542172483000453287e-02
1.560944231687767525e-01,8.845110536571403337e-01,6.789040893419306943e-02
4.885692210112125844e-01,6.947208663773140058e-01,-6.400633210005484131e-01
1.352176743825183047e-01,5.794638041707576015e-01,-5.412055827728606827e-03
1.042254224884847646e-01,4.607483617853125324e-01,5.919986431771276925e-01
4.614365094806845979e-01,1.516702905724647277e-01,8.166799230982846325e-01
6.455925430651011654e-01,6.755783339079373118e-01,-7.802684946153685130e-01
1.095314671180038779e-01,1.062451806408232224e-01,4.949619920742588386e-01
2.949340148397485706e-01,5.986143052707654233e-01,1.941597230103234151e-01
2.546901313885062690e-01,1.243226236122892958e-01,1.000666271373237715e+00
6.417359019232088402e-01,1.263018278615906098e-01,2.203030388777725834e-01
8.762229389631078780e-01,5.321458324365972992e-01,-3.578596587833818288e-01
6.287044822961417312e-01,4.066735323936937485e-01,1.162551753350220540e-01
5.862870034373247607e-01,8.017608737263588470e-01,-7.611596364849362306e-01
5.482082143898109328e-01,5.405885041043905215e-01,-3.269249959873815614e-02
4.446728266336122948e-01,1.353647036391407710e-01,5.310475303872432828e-01
3.156005967421746661e-01,6.925289925135775793e-01,-1.222207176470888335e-01
3.841797189246003441e-01,5.117766190064634291e-01,1.133179362056704609e-01
8.381103460467532740e-01,1.723020214023682772e-01,-1.500317791949053736e-01
6.083596575808259965e-01,6.835152259841059674e-01,-1.014937306880164591e+00
5.775494007337249602e-01,1.674147335724986974e-01,4.268726049758636010e-01
5.955514700525562644e-01,7.249858038805713223e-01,-9.019611301499979028e-01
5.108343623314287596e-01,4.500569308838531235e-01,2.606944819175728290e-01
9.066504688930723255e-01,5.599812373011479050e-01,-2.591347381559265250e-01
4.280627852992193727e-01,1.310029132556025377e-01,4.730884122950926862e-01
8.172057926681669526e-01,4.855017917520795256e-01,-3.105512670871841130e-01
2.634957441856414784e-01,1.332060293813035479e-01,6.433699768153695597e-01
9.188578226201044030e-01,1.046624794173254269e-01,2.994652884185784458e-01
1.271711994946264079e-01,8.094170897410823962e-01,-8.079648335802824821e-02
2.130309587312393393e-01,8.631681687379424428e-01,-9.274318848225177048e-02
7.033003814407522425e-01,6.126149450881538394e-01,-7.817454219797010939e-01
8.986016251338171390e-01,5.476707016569671849e-01,-6.996114275440197261e-01
5.641102599055081157e-02,9.560743109754569202e-01,9.477953701562924493e-02
4.696532542926473708e-01,4.083975516612602386e-01,8.591995957415371477e-02
1.345179196066456084e-01,9.720768713414014162e-01,2.844543882123272693e-01
7.213711485341226526e-01,9.887074746860036178e-02,-2.826562083061355812e-01
6.653394281051686621e-01,8.079831774150306734e-01,-1.003071591130260565e+00
9.710863728094072389e-01,6.717534182847167967e-01,-5.183096251232615082e-01
6.595825717897123575e-01,6.632630164339500256e-01,-1.120377686154913510e+00
9.162729794547864737e-01,6.979523879229140304e-01,-9.562146422029265125e-01
3.723553781216878411e-01,1.237384809464359137e-02,2.781338841886730195e-01
3.051021376305865784e-01,2.099895685809658463e-01,1.146434323926672771e+00
7.700110886705785473e-01,6.434794366927398812e-01,-1.088284931960257884e+00
3.400926138033620871e-01,3.616480319554737921e-01,9.197528124537430738e-01
4.044576901970292626e-01,5.361967411704495756e-01,3.571930807346430647e-01
9.655366654543884319e-01,7.442026027509681674e-01,-7.156300018620939118e-01
4.333191532334453866e-01,2.250794365526473939e-01,7.865302040674654327e-01
1.089920704865519063e-01,4.277334009416591254e-01,6.076542797486166325e-01
6.478395522977210552e-01,7.543335056067723698e-02,-2.732883112235882095e-01
1.660625768051509077e-01,9.244992972010950272e-01,4.236859867168910054e-02
8.160810797195169330e-01,3.172907935940041391e-01,5.833537621554724106e-02
1.116163455121278458e-01,1.840198001659623106e-01,8.285977605614899266e-01
4.577850555761654450e-01,8.337967086564137542e-01,-1.367566682788105004e-01
5.876948347753779833e-01,6.833990709967796562e-01,-9.522940096498269114e-01
7.390820751780352582e-01,3.061524537844259042e-01,2.556550366296381771e-01
8.894662535986405105e-01,2.899307157345754060e-02,-4.285973990643893172e-01
3.663400489870793919e-01,6.301988616298233037e-01,-2.782283349306067799e-01
6.615557049500052633e-01,6.292971911280978992e-01,-7.991079261118272381e-01
7.006279314221272037e-01,5.650968231627901961e-01,-4.591275361703356928e-01
9.096936769023866720e-02,3.314920905394095341e-01,6.217733539061349735e-01
7.971424473234789421e-01,1.794920096490844053e-01,-2.150346866513750399e-01
3.808751802291187039e-01,2.439691675832739159e-01,8.160318846393734837e-01
4.912199028873212026e-01,2.505165669244305837e-01,7.003991862487966014e-01
7.968446971454676842e-01,6.750766965254320073e-01,-7.281454473470703181e-01
5.820230610489529610e-01,9.269453750309214479e-01,-7.392525678059449490e-01
1.203697045375945462e-01,3.480099732672459201e-01,6.096046553875920093e-01
4.374271371065527880e-01,5.973741030585355549e-01,9.800576224103715872e-02
6.909112374976599247e-01,8.265388502308900209e-01,-1.168232810039979697e+00
1.390922185988561210e-01,4.491101300834350329e-01,5.135356000853554814e-01
8.398822947104569447e-01,7.173357750768200036e-01,-6.574865011665034231e-01
7.917410150722670181e-01,3.395041790686521566e-01,5.431162754340457255e-02
4.365431654960348906e-01,2.453832587800204301e-01,7.847958740229440400e-01
2.726293295906577763e-01,4.490829953978292544e-02,6.758448981980579306e-01
3.188987515455528055e-01,5.129577543020013009e-01,2.479671055619366848e-01
9.755852360311798588e-01,4.327313124199216876e-01,3.017387419807152638e-01
1.083857630245467218e-01,7.972654661798461717e-02,8.190589682130180460e-01
4.492343396412685763e-01,3.968381961618792086e-01,7.245157368333473569e-01
6.851091253452036289e-01,5.917211184086657028e-02,-4.934268365839737935e-01
6.229197044727351473e-01,2.723526621868243014e-01,-2.962956563745333671e-02
3.710177963138007184e-01,2.838446689314896298e-01,8.958793566228145933e-01
4.357209730770595923e-01,3.082082194323823021e-01,4.750084015372370017e-01
8.710497166693825788e-01,4.604097056079565764e-01,-2.677475956254232736e-02
4.497846134265891527e-01,3.934997329707511371e-01,2.040332960701661258e-01
9.677713063160675588e-01,4.793798443426783296e-01,-1.978837327553168435e-01
1.518963600590270691e-01,8.346018687793077540e-01,-1.518660072606028422e-01
5.961700054099557944e-01,9.284440772979061229e-01,-6.352043404622846889e-01
8.968826881429413644e-01,8.859158778278591884e-01,-7.123437198780999680e-01
7.419198656872522113e-01,8.944609029265073730e-01,-6.179209547988739892e-01
2.865557819004912465e-01,4.554541240173651806e-01,7.749503913195971982e-01
5.007791990067200771e-02,3.986978062558155234e-02,1.379480226718816649e-01
5.987450644389217258e-01,6.695551113396716048e-01,-8.938439697682108998e-01
4.231433228053277373e-01,7.036053605461675131e-01,-4.548477258712652072e-01
2.391890392755657846e-01,5.819066149154971113e-01,2.182935145765738105e-01
4.405455334316983329e-01,4.313386725652859077e-01,2.286850701391197616e-01
9.886557973369458630e-03,7.087644860203934360e-02,1.758145296705660998e-01
9.017667907565228846e-01,3.701715320633014450e-03,-4.545280086148976162e-01
1.043622441787587229e-01,1.354396564818486359e-01,8.677741303226645941e-01
7.442085008267295132e-01,7.686509409320907427e-02,-4.166177856099345655e-01
1.275197332827985308e-01,2.913582958005486168e-01,6.775731189534643928e-01
6.532479721834376640e-01,8.740881411638589116e-01,-1.038831497073289700e+00
5.669689093007256320e-01,8.238372614605824484e-01,-9.233197105562052087e-01
8.716162238109779192e-01,7.088018715622066424e-01,-8.279811190393621123e-01
9.200187025279548125e-01,5.772490984584388585e-01,-6.460201738137083538e-01
9.791764951129171557e-01,5.496259663488125558e-01,-1.191263127353231477e-01
6.012146110812968125e-01,4.209779472721485449e-01,-3.006210893980576504e-01
1.123978074901016422e-01,6.337587237239634685e-01,-7.240019282692827796e-02
2.442138328998977315e-03,3.499341764881894745e-01,5.128525532306731360e-01
6.293654906286508810e-01,8.601168980303909306e-01,-7.370005267594930132e-01
8.953654873570033867e-01,2.125035636505701042e-01,4.294935846891946296e-01
7.483190088029466613e-01,3.831582484744294748e-01,-2.206343746245583437e-01
1.862675486238223321e-01,8.497581033296990327e-01,-6.597596023894911066e-02
1.253036516308853043e-01,3.270380668923406065e-01,5.942976589891866279e-01
3.241677895282981670e-01,5.969381288793383922e-01,2.878783091433282926e-01
7.076112432966374932e-02,9.165354340693472324e-01,-2.934994642813680832e-01
8.255109380058902602e-01,5.676026568205125855e-01,-6.315693546042678852e-01
3.490926363225588247e-02,5.469756572300810138e-02,-1.268295297475807715e-02
5.202614600705230963e-01,8.585607284360574631e-01,-4.227862465487865484e-01
5.603421295952784043e-01,2.306020734296710950e-01,3.002808142680537529e-01
2.302707269925374778e-02,8.509646396532025703e-01,-1.432060050737831713e-01
9.996761242307974360e-01,8.217643004968190334e-01,-5.675038421759782681e-01
3.700633384964824302e-01,1.620348527573406416e-01,8.906254041886383366e-01
4.414891676257997055e-01,7.856699156508789583e-01,-1.884165639429202788e-02
7.016938966349756113e-01,9.420531556775579851e-02,-3.962075279653803350e-01
7.275591288512440746e-01,9.000460483810228673e-01,-1.061532131081562191e+00
6.291846158216951590e-02,6.018768950511176330e-01,1.084865651750756277e-01
7.958349698430966512e-01,3.048080475801933087e-01,-1.121513673318707827e-01
6.130903370811690012e-01,5.948246847344637045e-01,-7.453924665154378904e-01
9.060155519590205042e-01,3.146857947701576785e-01,2.331966965523312174e-01
3.398590489547358429e-01,1.283086833087673240e-01,5.538558327728575481e-01
6.486495948069005424e-01,3.527889529158836357e-01,2.526037175896400089e-01
2.139309873580120813e-01,3.006410409910038606e-01,8.516931777647207547e-01
6.372028303034604768e-02,7.853019931426019618e-02,2.867457153892800648e-01
9.637586096654540135e-01,5.180772690137053216e-01,-9.584659097397377203e-02
3.325982647742355969e-01,9.292865041281732630e-01,3.095254555265091745e-01
7.535900784938387442e-02,1.374687421330726966e-01,4.525471487636613110e-01
7.610539495001904520e-01,5.825640409610912673e-01,-8.570096003374535476e-01
4.416682009913880380e-01,5.946288529969736558e-01,-3.642118861867496560e-01
5.460148047957581463e-01,5.524299829647913995e-01,-3.217624065199961580e-01
8.981102979546033982e-01,6.062844485708388520e-01,-5.786578742849730617e-01
2.683830426232042266e-01,6.914983500154300300e-01,1.824807947392647622e-01
4.983977995772116421e-01,2.089255596991940189e-01,2.077434914236803709e-01
8.645276015845815287e-01,2.156632540900526029e-01,-1.277930306686098361e-01
4.222338139571922833e-01,9.307126896691905182e-01,2.476129674655044854e-02
5.846770036000137338e-02,9.366257128646005015e-01,-1.947177625309293447e-01
5.771275425837690820e-01,7.447182221937526103e-01,-1.012321747881051559e+00
8.201049668834304862e-01,8.118437999684823270e-01,-6.700885412457149304e-01
3.520129757780747770e-01,7.470832530516859915e-01,-1.015536519094041856e-01
1.853172853772810935e-01,1.784553321333411935e-01,8.860864453188079803e-01
2.755225788052914071e-01,1.509536302921917761e-01,7.818239087510500118e-01
7.106485406798167537e-01,4.195925306128848176e-01,-4.722425487744047468e-02
1.127005607794119291e-01,8.574669077641076109e-01,1.000833791402700457e-01
1.054339851823556939e-01,3.013428676870654188e-01,5.797874772405759991e-01
6.365859865295193654e-01,1.031412053155563724e-01,1.692858311564915952e-01
4.068913224902666048e-01,5.642446588301721633e-01,3.537904251980769077e-01
5.021669627857326956e-01,6.604840493457427852e-01,-2.500165569066283289e-01
2.248920403683659641e-01,6.910863818472522402e-01,1.122222526544280341e-01
8.480618358718985395e-01,8.962557265694828246e-01,-7.068102923634800305e-01
4.553058804501730616e-02,1.967840763965666984e-01,6.247946422113579423e-01
1.196930962387289243e-01,1.213282438189613455e-01,7.709730275949978617e-01
7.625592414616533254e-01,2.385365171722213518e-01,2.168795475080832480e-01
8.216304695415009851e-01,5.540724229485582963e-01,-7.530112695939567002e-01
6.249523045026533774e-01,7.475546246968685082e-01,-6.060262516014811585e-01
8.081190294596644064e-01,5.146618889098359961e-01,-6.898386165239511758e-01
8.588465468296162530e-01,6.993106070729607771e-01,-5.693304388523867665e-01
2.171006030574207379e-02,9.285044418311403369e-01,-1.631983825762221008e-01
8.537629420301151573e-02,3.694461550887161438e-01,7.356415497597916797e-01
7.537913191536675939e-01,9.557457054474590707e-01,-5.420486392929229069e-01
3.879462354240074129e-01,9.433068566423721268e-01,-1.216888472129262766e-02
1.506764212715296924e-01,4.486806370530407317e-01,5.262080602815781827e-01
7.367557969686744368e-02,5.741798699713693832e-01,-2.395567095768939281e-01
9.900312331117643305e-01,1.808933985629084251e-01,3.390004001891684382e-01
8.335490062506405451e-01,3.647149460006999799e-01,-2.843700312944179021e-01
6.191115041133588015e-01,3.890642063804384820e-01,2.342154097208923313e-01
6.118277489458929796e-01,4.238671120762484978e-01,2.017822372756366556e-01
7.832025385927593453e-01,2.377263159806469739e-01,-1.854391454525602390e-01
2.850162218480642995e-01,6.703897530966299589e-01,6.409127038615791694e-02
5.127338166150998688e-01,8.443878695502502474e-01,-7.481023637640338286e-01
3.525564015092751413e-01,9.663635637105721932e-01,2.071031132936496100e-02
2.317466624563480071e-01,4.478036026450901153e-01,8.725019309876751450e-01
7.227395411629649047e-01,3.021825098212636007e-01,-4.698651918939134031e-02
4.149063847663347904e-01,6.619058336928218544e-02,7.307735607483806239e-01
6.298207841402427842e-01,9.139711683030715683e-01,-3.418922559584151588e-01
3.915259297846941378e-01,9.443985535317862556e-01,8.644247722399958644e-02
1.779536704179696116e-02,1.913407001272010577e-01,3.972536498158653062e-01
5.290766634324749473e-01,6.864557161372906169e-01,-5.776955555424235778e-01
2.383500829512920083e-01,3.648969296285983210e-01,5.999891394754134355e-01
4.871702002635063256e-01,7.626287179165676111e-01,-3.306529311916203140e-01
8.789479177603021220e-02,2.888825669525028061e-01,6.843460549618332056e-01
9.822753612812177293e-01,1.782331264254165548e-01,4.836084490662834745e-01
6.326637369814934742e-01,6.069774982467267543e-01,-4.065505485152337006e-01
9.734991356576040422e-01,1.013079771950828878e-01,-4.377072393190911681e-02
7.766268485799492360e-01,1.370358513813603185e-01,-3.083624634763554306e-02
4.482175626772388899e-02,4.740506140770868182e-01,9.159569212498636093e-02
7.262578002156231394e-01,6.353550967790355664e-02,-3.791730801271505635e-01
7.359722576358299628e-01,7.404688392265087460e-01,-1.161205750499205047e+00
8.067580021805220714e-01,3.526706884393888686e-01,2.780874539810795909e-03
7.480386168610633213e-01,3.810336818363312394e-01,-2.398045673658331378e-01
3.262025233543943692e-01,6.647066429597717763e-01,2.265723841541076866e-01
9.194118498719998644e-01,2.500599871044960620e-01,4.962832906362859564e-01
7.876510739280184747e-02,1.914383431473639652e-01,9.202197028354899278e-01
4.895120814024330747e-01,3.474661849208982023e-01,3.460658192402241706e-01
6.353645258968004805e-01,6.513037766146071439e-01,-8.856253716821392841e-01
7.952349923653992958e-01,9.328728865330193631e-02,-2.147638435035692517e-01
1.833388392111766629e-01,7.862837432744013144e-01,1.242491833613606489e-01
6.382383102198296854e-01,3.326845110328879862e-01,-6.921776527179338001e-02
9.890770081916246959e-01,6.612170216881829710e-01,-2.589722644930171347e-01
1.081243860951582869e-01,3.647963789788758460e-01,5.344550539956205437e-01
6.901327782673639666e-01,3.346125183463818376e-01,-1.030969769210318410e-01
5.420093014650053664e-01,6.204223157020238855e-02,1.373885463199067958e-01
9.132197718050172330e-01,4.921332022774883574e-01,-3.474149810236096814e-01
7.551967698171591081e-01,3.372526363841423791e-01,-2.157542986946027475e-01
7.538736727712903596e-01,2.302503064032045410e-01,-8.277335254406190113e-02
1.017857276955442813e-01,6.893764700795561584e-01,-1.951194465815725421e-02
2.342060306032198724e-01,8.445094497313984094e-01,1.869317532015923322e-01
5.188689506292171183e-01,2.826509300350076304e-01,3.457369327611767296e-01
3.607465975263246527e-02,4.880463476277582258e-01,-1.334488720893027558e-01
3.056544435377985813e-01,6.005577081205311085e-01,-3.175282316642358271e-02
1.705278047533729247e-01,7.996700171237272059e-01,1.948813809621440241e-01
5.328028042697827704e-01,2.737790044820517243e-01,4.440458874249547105e-01
6.289453799878588214e-01,5.932063142499455211e-01,-4.798882378752113431e-01
8.137694597534781416e-01,6.889871047242646096e-02,-1.291436204577711688e-02
8.751081520248015222e-01,6.370539222941158375e-01,-9.867328218517474880e-01
8.439316894303928729e-01,9.034455167033584866e-01,-5.542049013347893904e-01
1.990771207054575775e-02,3.580483584388833851e-01,1.861515439697857821e-01
6.673524135242059341e-02,2.545411837869090421e-01,6.746080212314102820e-01
9.000700227325408864e-01,2.189795226850026477e-01,9.589892767901703197e-02
5.763049449903315802e-01,2.059901815185211094e-01,2.811657712997233105e-01
3.212371099737586500e-01,5.189463846897668375e-03,1.872016290417913287e-01
5.076657021979347206e-02,4.446898197632043193e-02,4.631015579798445914e-01
3.410700542750583208e-01,3.523860934862985683e-01,9.804084343750298913e-01
1.419256292197006442e-01,4.637707247632524288e-01,6.148522972066944314e-01
7.658164000016384199e-01,8.158851975166947490e-02,-1.612194388585908023e-02
6.979692101895107470e-01,8.153662261724035076e-01,-7.490475944877741377e-01
3.220785818191388428e-01,3.055968902102694784e-01,7.178559407749889321e-01
1.712577629974528781e-01,8.980255827622923848e-01,4.469272866592133298e-02
7.131374473908347333e-02,9.461525620352846389e-01,2.101800513568455320e-02
2.485283983635424576e-01,7.943266900874909053e-01,-2.797548478940178884e-01
6.652527060276526294e-01,3.757556843662526180e-01,1.892812498372180019e-01
6.823638026864442541e-01,9.013490797787635511e-01,-8.428636673175837757e-01
3.694670769708849889e-01,4.485114136321661782e-01,7.040639130395742740e-01
8.790196138698405104e-01,7.462847964342567142e-01,-1.139704660185403950e+00
6.006541191317225081e-01,2.546472940177005873e-01,2.571909021818262753e-01
7.597064239239856853e-01,7.780086283791697310e-01,-1.208225194506817202e+00
7.038953398946093953e-01,4.062212552034499824e-01,-1.305329567862201223e-02
2.789346820803556559e-01,4.974054797627769364e-01,2.817989029675448398e-01
6.624567029910312099e-01,4.340525383895743605e-02,-4.731953605925112161e-01
4.386232916241613600e-01,9.091785178632041386e-01,1.852248861208806163e-01
1.757872154152204658e-01,5.686507433958727376e-01,3.127542771140450206e-01
9.373452938799721190e-01,7.130897429108140617e-02,-2.249337213291248139e-01
2.776489692051498093e-01,3.937349458934077395e-01,7.660615871543251520e-01
7.481893836807066434e-01,5.945907721534651191e-01,-5.208102630345055051e-01
4.715689266173223038e-01,9.989418117707064004e-01,-9.393662703540828218e-02
7.848616775311534344e-01,9.484308822575557851e-01,-5.526689003863046734e-01
9.375253071556735041e-01,4.052685778509027559e-01,1.773663372585602416e-01
1.146903556351728248e-01,5.466029849317106670e-01,1.138411094901677079e-01
4.094473602903890841e-01,2.821380800720113546e-01,5.416971881016305890e-01
7.607327948366393588e-02,9.860127027795086985e-01,2.555710282104664000e-01
3.845935382435964334e-01,1.244601044239654897e-01,6.710938439704329239e-01
6.913642899831398125e-01,2.933937980789624866e-01,2.474357136570060622e-01
1.347840573361396288e-01,5.740856077634508559e-01,1.114278121625088824e-01
5.304698641871179454e-01,4.925403166378004016e-01,-1.143103864333641084e-01
1.226384834306805116e-01,8.394495595836614088e-01,8.870554403762231921e-02
3.577984457815347463e-01,2.787219949718797718e-01,6.590401855621216276e-01
3.036704548298466699e-01,7.897713919456998966e-01,-1.718149058856814071e-01
4.458882768172588440e-01,9.492566639913451176e-01,2.921260875554070879e-01
6.540780134427233161e-01,8.152602313338783713e-01,-7.640617350528802199e-01
3.998077115756932809e-01,9.010687388510731921e-01,2.093984440028529015e-01
8.113776836852245600e-01,1.430916705328391103e-01,1.171835691669700363e-01
2.491896547920340321e-01,2.734401890570647975e-02,3.013450959972443499e-01
1.697774183526433722e-01,1.377463866169441609e-01,9.050120658405496066e-01
1.568706437396983899e-01,7.177355197086988658e-01,-1.424805264006467898e-02
3.263871435640771645e-01,2.322819451461157758e-01,7.918044517917225411e-01
9.320763529022725313e-01,2.276617078712552811e-01,2.520713283168377061e-01
5.681410349113691360e-01,4.581150352559686389e-01,-3.090100809819020800e-01
8.779111965405632656e-01,1.064184256957128039e-01,1.838491622883207111e-01
9.587793673972317965e-01,1.557217382459874511e-01,3.400099589895015373e-01
7.954860208873025806e-01,4.401477992119992022e-01,-3.369744006210897980e-01
6.489608171896807942e-01,5.932826481790475226e-01,-9.400363665933209045e-01
4.855447479641585851e-01,9.262497551390747041e-02,3.462988525067653423e-01
1.115789991485589550e-01,2.515347944941669356e-01,8.215090206529402916e-01
1.482157860685063833e-01,1.302587486267836603e-02,3.137681058884918550e-01
2.266185438376334682e-01,9.046610036536948396e-01,2.940399597674266396e-01
